frame_idx,t,joint,x,y,conf
4,0.1333200013332,nose,303.0,109.0,0.0140518303960561
4,0.1333200013332,left_shoulder,318.1371459960937,121.46703338623048,0.818495512008667
4,0.1333200013332,right_shoulder,337.64373779296875,122.5046844482422,0.9696674942970276
4,0.1333200013332,left_elbow,303.0,109.0,0.3968216478824615
4,0.1333200013332,right_elbow,342.6658935546875,143.11544799804688,0.8924177289009094
4,0.1333200013332,left_wrist,303.0,109.0,0.1369589269161224
4,0.1333200013332,right_wrist,343.7847900390625,162.27975463867188,0.5397422909736633
4,0.1333200013332,left_hip,320.0011291503906,153.022705078125,0.952536165714264
4,0.1333200013332,right_hip,333.5931396484375,153.7487335205078,0.97897469997406
4,0.1333200013332,left_knee,319.23388671875,179.82286071777344,0.6630166172981262
4,0.1333200013332,right_knee,333.7184143066406,180.364013671875,0.8094546794891357
4,0.1333200013332,left_ankle,303.0,109.0,0.1957366168498993
4,0.1333200013332,right_ankle,303.0,109.0,0.2827498614788055
5,0.1666500016665,nose,305.0,124.0,0.0050706462934613
5,0.1666500016665,left_shoulder,311.82781816243084,122.11984086318915,0.4143700301647186
5,0.1666500016665,right_shoulder,334.646348012696,123.678628010987,0.6528843641281128
5,0.1666500016665,left_elbow,303.4827978997379,116.59405144109527,0.3282442092895508
5,0.1666500016665,right_elbow,340.0452214485775,142.256819258192,0.6523600816726685
5,0.1666500016665,left_wrist,305.0,124.0,0.2095786035060882
5,0.1666500016665,right_wrist,316.68476916654106,135.6288674145373,0.4111186861991882
5,0.1666500016665,left_hip,318.4871707304462,152.90746866989764,0.91050386428833
5,0.1666500016665,right_hip,330.7547998722305,153.55939835850506,0.9428502917289734
5,0.1666500016665,left_knee,317.2862702433422,177.55204668528256,0.8569019436836243
5,0.1666500016665,right_knee,329.4894999060537,178.4328508324791,0.9022325277328492
5,0.1666500016665,left_ankle,313.8189392089844,190.17698669433597,0.7028811573982239
5,0.1666500016665,right_ankle,321.42724609375,191.5419464111328,0.755318284034729
6,0.1999800019998,nose,309.0,124.0,0.0363809950649738
6,0.1999800019998,left_shoulder,313.8958783547592,170.20661919095878,0.9897902607917786
6,0.1999800019998,right_shoulder,339.3994301077802,171.63248572913528,0.9894558787345886
6,0.1999800019998,left_elbow,307.66901823981675,191.73157328281604,0.8266031742095947
6,0.1999800019998,right_elbow,344.4956684047215,192.69217843071684,0.8086374402046204
6,0.1999800019998,left_wrist,309.0,124.0,0.3200303912162781
6,0.1999800019998,right_wrist,311.2790153452616,127.26304661260647,0.3444579243659973
6,0.1999800019998,left_hip,321.1529066548284,209.9595500909935,0.9964622855186462
6,0.1999800019998,right_hip,335.5875844660684,210.7585322580699,0.9960243701934814
6,0.1999800019998,left_knee,328.07419343775825,236.50390872520052,0.9803035259246826
6,0.1999800019998,right_knee,335.4967408820513,236.22777931169463,0.9770834445953368
6,0.1999800019998,left_ankle,330.4911665453039,262.3096299420501,0.8364725112915039
6,0.1999800019998,right_ankle,335.65475035893866,264.5901102358096,0.8061423301696777
7,0.2333100023331,nose,318.0,129.0,0.0830669403076171
7,0.2333100023331,left_shoulder,327.4553887391665,180.77626090941305,0.9516745805740356
7,0.2333100023331,right_shoulder,338.61231421884463,180.51941241193683,0.9888861179351808
7,0.2333100023331,left_elbow,313.4427228284456,155.9423251913347,0.4606193900108337
7,0.2333100023331,right_elbow,332.6022552109722,197.7576364977843,0.8390341997146606
7,0.2333100023331,left_wrist,309.0,124.0,0.3200303912162781
7,0.2333100023331,right_wrist,315.4463342969982,128.43267248112485,0.3944261372089386
7,0.2333100023331,left_hip,331.3368768621752,219.44755567566756,0.9905778169631958
7,0.2333100023331,right_hip,337.3765361417394,220.0666262469837,0.9952240586280824
7,0.2333100023331,left_knee,336.7817635294073,246.05189755860272,0.9596213698387146
7,0.2333100023331,right_knee,339.0458346046302,245.7473778838308,0.9776114225387572
7,0.2333100023331,left_ankle,336.90130781006167,269.82071288221726,0.7594637274742126
7,0.2333100023331,right_ankle,339.0744489665773,270.6092045707064,0.8240604996681213
10,0.333300003333,nose,331.0,126.0,0.1634170711040496
10,0.333300003333,left_shoulder,345.528157262772,170.18101133419884,0.9086819887161256
10,0.333300003333,right_shoulder,340.9352392491883,169.77973583733453,0.9676304459571838
10,0.333300003333,left_elbow,349.3828892598014,180.0640928887313,0.5956199169158936
10,0.333300003333,right_elbow,335.64768839093057,186.27241875569024,0.8464406728744507
10,0.333300003333,left_wrist,309.0,124.0,0.3200303912162781
10,0.333300003333,right_wrist,327.65921382270267,186.6483351308749,0.5071964859962463
10,0.333300003333,left_hip,343.17860769156954,201.0278856914481,0.9553534388542176
10,0.333300003333,right_hip,340.8628523940783,201.2081529769639,0.9692980647087096
10,0.333300003333,left_knee,343.9222896829664,218.6536999818628,0.5871898531913757
10,0.333300003333,right_knee,340.52397872838685,218.91283833046975,0.6618243455886841
10,0.333300003333,left_ankle,336.90130781006167,269.82071288221726,0.7594637274742126
10,0.333300003333,right_ankle,339.0744489665773,270.6092045707064,0.8240604996681213
12,0.3999600039996,nose,340.0,131.0,0.3050204813480377
12,0.3999600039996,left_shoulder,349.2971897699562,160.82006821996202,0.8853759765625
12,0.3999600039996,right_shoulder,349.2528625777846,160.83004555592635,0.8799290060997009
12,0.3999600039996,left_elbow,345.35926159028253,170.32325267488503,0.6011660695075989
12,0.3999600039996,right_elbow,343.3750279507217,178.4897634842004,0.5426008701324463
12,0.3999600039996,left_wrist,335.9632905341839,128.98911954882067,0.42357337474823
12,0.3999600039996,right_wrist,335.4828823736325,144.0342283345893,0.3574943244457245
12,0.3999600039996,left_hip,346.7191552305926,190.3133942819724,0.9729267954826356
12,0.3999600039996,right_hip,347.05521966447355,189.8382737063821,0.9706601500511168
12,0.3999600039996,left_knee,345.1484445980935,203.5762802570656,0.8909980058670044
12,0.3999600039996,right_knee,346.69560311959407,204.39325969472247,0.8815351128578186
12,0.3999600039996,left_ankle,339.5422660839035,141.20145093652036,0.4445031881332397
12,0.3999600039996,right_ankle,339.8330296649878,141.06580456492566,0.4277856647968292
13,0.4332900043329,nose,349.94155961595675,143.16785544251732,0.925123691558838
13,0.4332900043329,left_shoulder,358.66317339391435,161.37904071521206,0.8610442876815796
13,0.4332900043329,right_shoulder,348.66296919762226,160.94421199139376,0.8899126648902893
13,0.4332900043329,left_elbow,359.6604501663668,175.0158514186873,0.5921831727027893
13,0.4332900043329,right_elbow,343.66348902610457,178.6447074062291,0.7096945643424988
13,0.4332900043329,left_wrist,333.0423945363761,123.43400361744976,0.4995447993278503
13,0.4332900043329,right_wrist,345.587517548423,172.7972459906013,0.6108676195144653
13,0.4332900043329,left_hip,356.1264888501432,190.62765361792327,0.831024706363678
13,0.4332900043329,right_hip,349.0256713978588,190.2569758027684,0.8470693826675415
13,0.4332900043329,left_knee,339.2107328574457,129.60151331697827,0.3957594037055969
13,0.4332900043329,right_knee,338.4045897467073,129.691991168577,0.4232035875320434
13,0.4332900043329,left_ankle,339.5422660839035,141.20145093652036,0.4445031881332397
13,0.4332900043329,right_ankle,339.8330296649878,141.06580456492566,0.4277856647968292
15,0.4999500049995,nose,356.6447446056301,148.53934636640344,0.8862823843955994
15,0.4999500049995,left_shoulder,362.2741583368198,161.54716259998278,0.7646388411521912
15,0.4999500049995,right_shoulder,349.0546837630298,160.97523700637225,0.8936507701873779
15,0.4999500049995,left_elbow,346.82188104289844,132.5099642443413,0.4803571701049804
15,0.4999500049995,right_elbow,343.09241559911607,176.44181224349893,0.7458832263946533
15,0.4999500049995,left_wrist,353.400117119234,158.64092058629072,0.5244577527046204
15,0.4999500049995,right_wrist,343.53332404439954,173.49805460589732,0.7382014393806458
15,0.4999500049995,left_hip,358.9325794056233,187.22715861868863,0.9587538242340088
15,0.4999500049995,right_hip,350.0011031101384,186.978671936054,0.972071886062622
15,0.4999500049995,left_knee,354.12444341842706,166.8570483227721,0.9138842225074768
15,0.4999500049995,right_knee,342.438930457997,166.66496478676206,0.9376983046531676
15,0.4999500049995,left_ankle,357.56409473807594,205.43187995724423,0.65257728099823
15,0.4999500049995,right_ankle,344.2270967261523,205.9284277309696,0.6969925165176392
16,0.5332800053328001,nose,357.7012475254153,149.01635888003597,0.9194586277008056
16,0.5332800053328001,left_shoulder,360.56439025105306,162.13315449255708,0.9587171077728271
16,0.5332800053328001,right_shoulder,352.79877037734536,161.70068597808432,0.9927876591682434
16,0.5332800053328001,left_elbow,347.28307603697874,152.75710406745017,0.5825051665306091
16,0.5332800053328001,right_elbow,343.78039763175974,176.15170554919786,0.9307866096496582
16,0.5332800053328001,left_wrist,345.5637980698462,128.72197700299216,0.3754657506942749
16,0.5332800053328001,right_wrist,346.28585644320435,171.3087846127907,0.7974309921264648
16,0.5332800053328001,left_hip,358.5676771954589,191.05167300940624,0.99092298746109
16,0.5332800053328001,right_hip,353.9504978727174,191.40351698590007,0.9964460730552672
16,0.5332800053328001,left_knee,355.88868371583897,208.8338608069042,0.9937061667442322
16,0.5332800053328001,right_knee,351.4610309123807,211.47056267820955,0.9974783062934875
16,0.5332800053328001,left_ankle,354.29119929352936,237.3436173274333,0.984050452709198
16,0.5332800053328001,right_ankle,351.098903562789,243.69016942255217,0.991208791732788
17,0.5666100056661001,nose,359.0096280053715,149.018205544525,0.7170485854148865
17,0.5666100056661001,left_shoulder,362.1184905466285,162.94393161451188,0.977747917175293
17,0.5666100056661001,right_shoulder,354.00638430569904,161.6192368706134,0.9981087446212769
17,0.5666100056661001,left_elbow,356.00104433916084,169.3674445628696,0.7943759560585022
17,0.5666100056661001,right_elbow,342.90144178397304,175.74908256337878,0.9889589548110962
17,0.5666100056661001,left_wrist,359.7606027315734,156.75510690123463,0.6178592443466187
17,0.5666100056661001,right_wrist,346.27646668808814,178.6841747303121,0.9542283415794371
17,0.5666100056661001,left_hip,359.61833815309706,194.74626823334057,0.997849941253662
17,0.5666100056661001,right_hip,355.412073755463,194.8629205300521,0.9993714690208436
17,0.5666100056661001,left_knee,357.5259683391532,220.1859097790943,0.9936997890472412
17,0.5666100056661001,right_knee,356.8253039553914,223.11488850621905,0.9981516003608704
17,0.5666100056661001,left_ankle,355.13898453500315,247.8589936585994,0.956449568271637
17,0.5666100056661001,right_ankle,353.1454393211051,251.8356573907624,0.9803900122642516
18,0.5999400059994,nose,358.9113078124242,148.186835203445,0.9140207171440125
18,0.5999400059994,left_shoulder,362.23817106535694,162.25082612860297,0.9711162447929382
18,0.5999400059994,right_shoulder,357.47935629980964,160.987107151526,0.9775645136833192
18,0.5999400059994,left_elbow,354.9316783061777,170.54735579972336,0.7607589960098267
18,0.5999400059994,right_elbow,344.999216730845,171.29226818405004,0.7843387722969055
18,0.5999400059994,left_wrist,357.5480958835112,165.1025935092535,0.5329186916351318
18,0.5999400059994,right_wrist,345.05340520080773,174.94220169194136,0.5826651453971863
18,0.5999400059994,left_hip,360.0583158441202,195.9339185538737,0.9933415055274964
18,0.5999400059994,right_hip,357.245842027893,195.87514834566417,0.9946237802505492
18,0.5999400059994,left_knee,359.70401207083546,222.5893388937834,0.993519127368927
18,0.5999400059994,right_knee,358.2255526299485,226.52078026878917,0.9947617650032043
18,0.5999400059994,left_ankle,357.16607528862244,249.3347937029785,0.9797332286834716
18,0.5999400059994,right_ankle,352.58496466684664,254.7185395706533,0.9820110201835632
19,0.6332700063327,nose,361.4492787733376,148.1204105270869,0.6108437776565552
19,0.6332700063327,left_shoulder,362.2818331330514,161.83594540476136,0.9876132011413574
19,0.6332700063327,right_shoulder,360.1733200017129,160.29205293919466,0.9938437938690186
19,0.6332700063327,left_elbow,361.2551672045293,169.7936196569192,0.8370991945266724
19,0.6332700063327,right_elbow,349.2488849803094,167.31376776330123,0.9156274795532228
19,0.6332700063327,left_wrist,342.045137357756,124.23037240853265,0.4505470693111419
19,0.6332700063327,right_wrist,344.3385186362036,173.6109635353417,0.6344308257102966
19,0.6332700063327,left_hip,360.22205178019817,196.44915647233955,0.9982141256332396
19,0.6332700063327,right_hip,359.034672015261,196.0442876699049,0.9987744688987732
19,0.6332700063327,left_knee,359.3276963379077,226.20020826385115,0.9957298636436462
19,0.6332700063327,right_knee,357.6340599377368,228.91086313146133,0.9968125224113464
19,0.6332700063327,left_ankle,355.0890405373615,255.62044313313416,0.9744612574577332
19,0.6332700063327,right_ankle,349.9148306539548,257.9703718047612,0.9777647852897644
20,0.6666000066660001,nose,363.1980315561499,148.8966721003665,0.5510396957397461
20,0.6666000066660001,left_shoulder,361.10735694504194,162.1292729225504,0.964302897453308
20,0.6666000066660001,right_shoulder,364.3011471038226,160.68500898246415,0.9827075600624084
20,0.6666000066660001,left_elbow,360.9919681671979,176.32812883155486,0.7111597657203674
20,0.6666000066660001,right_elbow,369.3106371904954,169.99410649184355,0.9052443504333496
20,0.6666000066660001,left_wrist,335.91572479577394,109.31361266777762,0.4225986301898956
20,0.6666000066660001,right_wrist,370.14279283739546,172.83356924923953,0.6744286417961121
20,0.6666000066660001,left_hip,360.31333104893287,197.95765732792276,0.9836525917053224
20,0.6666000066660001,right_hip,362.1069765728388,197.5777496899954,0.9897910952568054
20,0.6666000066660001,left_knee,360.0307550333006,226.65956421858837,0.9690206050872804
20,0.6666000066660001,right_knee,359.3814675791141,227.9797360985419,0.9797279238700868
20,0.6666000066660001,left_ankle,355.96143140055995,254.06753227727745,0.868135929107666
20,0.6666000066660001,right_ankle,350.9621992686643,255.47006548963796,0.8923994302749634
21,0.6999300069993001,nose,363.1980315561499,148.8966721003665,0.5510396957397461
21,0.6999300069993001,left_shoulder,361.10735694504194,162.1292729225504,0.964302897453308
21,0.6999300069993001,right_shoulder,364.3011471038226,160.68500898246415,0.9827075600624084
21,0.6999300069993001,left_elbow,360.9919681671979,176.32812883155486,0.7111597657203674
21,0.6999300069993001,right_elbow,369.3106371904954,169.99410649184355,0.9052443504333496
21,0.6999300069993001,left_wrist,335.91572479577394,109.31361266777762,0.4225986301898956
21,0.6999300069993001,right_wrist,370.14279283739546,172.83356924923953,0.6744286417961121
21,0.6999300069993001,left_hip,360.31333104893287,197.95765732792276,0.9836525917053224
21,0.6999300069993001,right_hip,362.1069765728388,197.5777496899954,0.9897910952568054
21,0.6999300069993001,left_knee,379.13175594359575,137.6398582172101,0.5911895036697388
21,0.6999300069993001,right_knee,368.3381260386242,137.29981686282702,0.796067476272583
21,0.6999300069993001,left_ankle,377.6002927124272,161.48595961557962,0.8937506675720215
21,0.6999300069993001,right_ankle,364.47674494326736,160.95928063994822,0.9496942162513732
22,0.7332600073326001,nose,363.1980315561499,148.8966721003665,0.5510396957397461
22,0.7332600073326001,left_shoulder,361.10735694504194,162.1292729225504,0.964302897453308
22,0.7332600073326001,right_shoulder,364.3011471038226,160.68500898246415,0.9827075600624084
22,0.7332600073326001,left_elbow,360.9919681671979,176.32812883155486,0.7111597657203674
22,0.7332600073326001,right_elbow,369.3106371904954,169.99410649184355,0.9052443504333496
22,0.7332600073326001,left_wrist,335.91572479577394,109.31361266777762,0.4225986301898956
22,0.7332600073326001,right_wrist,370.14279283739546,172.83356924923953,0.6744286417961121
22,0.7332600073326001,left_hip,360.31333104893287,197.95765732792276,0.9836525917053224
22,0.7332600073326001,right_hip,362.1069765728388,197.5777496899954,0.9897910952568054
22,0.7332600073326001,left_knee,381.52438758301935,122.7928853995622,0.8219374418258667
22,0.7332600073326001,right_knee,368.7205653126282,123.29187645437445,0.8431528806686401
22,0.7332600073326001,left_ankle,381.16203302321776,147.13156357570654,0.9731935262680054
22,0.7332600073326001,right_ankle,365.6377817838321,146.59440282131845,0.9742635488510132
24,0.7999200079992,nose,367.3010406023518,73.28168111805874,0.975100040435791
24,0.7999200079992,left_shoulder,374.0885986120414,83.05109369142714,0.9873448014259338
24,0.7999200079992,right_shoulder,361.8091757592479,81.82076031787867,0.9904292821884156
24,0.7999200079992,left_elbow,377.8873856452723,98.12597242662687,0.9580318331718444
24,0.7999200079992,right_elbow,356.50431120962446,92.5824285516237,0.9718823432922364
24,0.7999200079992,left_wrist,371.3107021268899,100.87295796768524,0.9437435269355774
24,0.7999200079992,right_wrist,359.00163985919886,104.12387977542802,0.9586294889450072
24,0.7999200079992,left_hip,370.86839292065054,111.7220092193179,0.9956660270690918
24,0.7999200079992,right_hip,362.7027106255323,110.98477554345018,0.9962943196296692
24,0.7999200079992,left_knee,376.46703059709967,124.31052916583762,0.9841724038124084
24,0.7999200079992,right_knee,363.86899462860754,123.90089465186348,0.9850148558616638
24,0.7999200079992,left_ankle,375.7785132687201,144.53317620983557,0.9302761554718018
24,0.7999200079992,right_ankle,361.17653112066455,142.69676362806547,0.9318820238113404
27,0.8999100089991001,nose,367.3010406023518,73.28168111805874,0.975100040435791
27,0.8999100089991001,left_shoulder,368.243133838722,154.31804552428744,0.9752697348594666
27,0.8999100089991001,right_shoulder,370.04926843047065,154.68415735025147,0.9935342073440552
27,0.8999100089991001,left_elbow,368.684384548829,174.93395712703696,0.7524986267089844
27,0.8999100089991001,right_elbow,371.2405565781457,168.9064662906193,0.9496602416038512
27,0.8999100089991001,left_wrist,349.04570449822177,108.83147000522696,0.343633621931076
27,0.8999100089991001,right_wrist,377.1261687376522,172.08587312486355,0.6983265280723572
27,0.8999100089991001,left_hip,366.5417357083198,187.92572977040984,0.9982275366783142
27,0.8999100089991001,right_hip,369.0462712310697,187.3656381589009,0.9990561604499816
27,0.8999100089991001,left_knee,370.2628732285171,213.8889282582921,0.9934397339820862
27,0.8999100089991001,right_knee,370.8650004911219,208.0786852411701,0.9960220456123352
27,0.8999100089991001,left_ankle,369.8714959287199,234.97807512208348,0.961628794670105
27,0.8999100089991001,right_ankle,368.36875276266414,225.4722430919269,0.9738691449165344
28,0.9332400093324,nose,367.3010406023518,73.28168111805874,0.975100040435791
28,0.9332400093324,left_shoulder,368.243133838722,154.31804552428744,0.9752697348594666
28,0.9332400093324,right_shoulder,370.04926843047065,154.68415735025147,0.9935342073440552
28,0.9332400093324,left_elbow,368.684384548829,174.93395712703696,0.7524986267089844
28,0.9332400093324,right_elbow,371.2405565781457,168.9064662906193,0.9496602416038512
28,0.9332400093324,left_wrist,352.96812501438,108.19349399051316,0.5277310013771057
28,0.9332400093324,right_wrist,358.3955707024274,123.82642887764588,0.4180325865745544
28,0.9332400093324,left_hip,364.36717434738034,131.5500803385806,0.904621720314026
28,0.9332400093324,right_hip,359.94266343701435,131.34049313968427,0.8799762725830078
28,0.9332400093324,left_knee,366.34293776468337,154.88543401028645,0.9695166349411012
28,0.9332400093324,right_knee,358.82940048733224,153.9564347857836,0.9600263237953186
28,0.9332400093324,left_ankle,366.7981254782502,175.19228994752,0.952767252922058
28,0.9332400093324,right_ankle,358.4012876476144,172.570792480207,0.9421913027763368
29,0.9665700096657,nose,367.3010406023518,73.28168111805874,0.975100040435791
29,0.9665700096657,left_shoulder,368.243133838722,154.31804552428744,0.9752697348594666
29,0.9665700096657,right_shoulder,370.04926843047065,154.68415735025147,0.9935342073440552
29,0.9665700096657,left_elbow,365.5213837854891,118.04710121443246,0.5398733615875244
29,0.9665700096657,right_elbow,371.2405565781457,168.9064662906193,0.9496602416038512
29,0.9665700096657,left_wrist,356.25414621955946,108.17202355356083,0.6682904958724976
29,0.9665700096657,right_wrist,358.3955707024274,123.82642887764588,0.4180325865745544
29,0.9665700096657,left_hip,360.2910528018265,117.27930096013006,0.9008854031562804
29,0.9665700096657,right_hip,351.1934557115385,117.13938517485036,0.7741297483444214
29,0.9665700096657,left_knee,361.806416233276,137.2899755039656,0.9543266892433168
29,0.9665700096657,right_knee,349.6915062444326,137.9562380763677,0.8867800235748291
29,0.9665700096657,left_ankle,362.01507459692016,155.64490319693485,0.9346300959587096
29,0.9665700096657,right_ankle,349.3704355097983,156.7760986476974,0.8721230626106262
30,0.999900009999,nose,367.3010406023518,73.28168111805874,0.975100040435791
30,0.999900009999,left_shoulder,367.1316497017175,154.44210005242115,0.6822444200515747
30,0.999900009999,right_shoulder,368.3248618922896,154.61326007314594,0.989831805229187
30,0.999900009999,left_elbow,365.5213837854891,118.04710121443246,0.5398733615875244
30,0.999900009999,right_elbow,368.804837095297,169.3746237957659,0.9793823957443236
30,0.999900009999,left_wrist,356.25414621955946,108.17202355356083,0.6682904958724976
30,0.999900009999,right_wrist,365.8946972899647,152.30602558397692,0.8939433693885803
30,0.999900009999,left_hip,362.1662611872058,159.7599266621142,0.9675942659378052
30,0.999900009999,right_hip,355.5709332304285,160.6568488693566,0.9950681924819946
30,0.999900009999,left_knee,362.7607444037432,185.22346558559428,0.9467718601226808
30,0.999900009999,right_knee,355.0004865404089,188.99275028760297,0.9913564920425416
30,0.999900009999,left_ankle,361.5473363378474,207.44291635896508,0.8386015295982361
30,0.999900009999,right_ankle,353.2568835116072,215.65466531169227,0.9439228177070618
31,1.0332300103323,nose,347.8440744350429,96.88920704373784,0.3941722512245178
31,1.0332300103323,left_shoulder,368.0616043385684,157.09606995149633,0.7162901163101196
31,1.0332300103323,right_shoulder,367.5430997853706,156.73749430821283,0.9788931012153624
31,1.0332300103323,left_elbow,348.6710206782983,106.6977171183515,0.3893440365791321
31,1.0332300103323,right_elbow,367.9392120413005,170.0773459972252,0.9760765433311462
31,1.0332300103323,left_wrist,350.11907065832463,105.66522371369604,0.3043099343776703
31,1.0332300103323,right_wrist,369.0233851549031,161.73307508250554,0.9235312342643738
31,1.0332300103323,left_hip,365.5524592236536,179.60740385414996,0.9789057970046996
31,1.0332300103323,right_hip,359.87327138928947,180.4835966158261,0.9949750900268556
31,1.0332300103323,left_knee,366.9966021302557,201.8037349091987,0.964874267578125
31,1.0332300103323,right_knee,356.95726217546473,205.5395680258281,0.9915726184844972
31,1.0332300103323,left_ankle,366.7754388914547,221.96179344530924,0.8870323300361633
31,1.0332300103323,right_ankle,354.57758974145685,230.1567719747091,0.9501647353172302
32,1.0665600106656,nose,347.8440744350429,96.88920704373784,0.3941722512245178
32,1.0665600106656,left_shoulder,369.3938830351735,157.51516804905285,0.8961259126663208
32,1.0665600106656,right_shoulder,367.24525828977016,157.05538214594554,0.9499019384384156
32,1.0665600106656,left_elbow,359.53260218714945,153.01386291231964,0.5955461263656616
32,1.0665600106656,right_elbow,367.160711658348,169.6274602560748,0.821823239326477
32,1.0665600106656,left_wrist,350.11907065832463,105.66522371369604,0.3043099343776703
32,1.0665600106656,right_wrist,367.8792810223791,164.73107874618506,0.5223924517631531
32,1.0665600106656,left_hip,368.2508487580188,184.3106271933333,0.9896085858345032
32,1.0665600106656,right_hip,363.3779550212172,184.71433483012973,0.992849826812744
32,1.0665600106656,left_knee,371.4480705202057,204.05951036979047,0.9796544909477234
32,1.0665600106656,right_knee,360.11708372212803,205.6541970057877,0.9854324460029602
32,1.0665600106656,left_ankle,372.4964050950048,223.4534413574965,0.9336517453193665
32,1.0665600106656,right_ankle,357.24052912105554,227.08079799753204,0.9443228840827942
33,1.0998900109989,nose,347.8440744350429,96.88920704373784,0.3941722512245178
33,1.0998900109989,left_shoulder,370.06112136160607,157.27795739778455,0.8880993127822876
33,1.0998900109989,right_shoulder,367.1299531433029,156.21886962723283,0.9422144889831544
33,1.0998900109989,left_elbow,353.8923142684919,128.80457018287575,0.4159506261348724
33,1.0998900109989,right_elbow,363.94197686665166,168.09430047962803,0.6199829578399658
33,1.0998900109989,left_wrist,350.11907065832463,105.66522371369604,0.3043099343776703
33,1.0998900109989,right_wrist,367.8792810223791,164.73107874618506,0.5223924517631531
33,1.0998900109989,left_hip,369.0770658528711,185.23254580830684,0.9749786257743835
33,1.0998900109989,right_hip,365.4426384545764,185.3302837961085,0.9826462268829346
33,1.0998900109989,left_knee,372.3229898195665,205.88995728559968,0.9686444401741028
33,1.0998900109989,right_knee,365.0146780608843,207.3027418236474,0.9771949648857116
33,1.0998900109989,left_ankle,373.89964060042905,226.4624291800532,0.9135050177574158
33,1.0998900109989,right_ankle,364.78327427370414,228.47665974988556,0.9259223341941832
34,1.1332200113322002,nose,347.8440744350429,96.88920704373784,0.3941722512245178
34,1.1332200113322002,left_shoulder,366.79254259389415,157.53117624509517,0.9174888730049132
34,1.1332200113322002,right_shoulder,369.4731400002236,157.64272704714506,0.9910593628883362
34,1.1332200113322002,left_elbow,348.7132113126049,114.0333286258026,0.3457232713699341
34,1.1332200113322002,right_elbow,367.6434512671792,171.02138359990784,0.9385295510292052
34,1.1332200113322002,left_wrist,350.11907065832463,105.66522371369604,0.3043099343776703
34,1.1332200113322002,right_wrist,372.9014965195672,165.6143033817933,0.7036876678466797
34,1.1332200113322002,left_hip,367.3627659732087,186.99069996807447,0.9911895990371704
34,1.1332200113322002,right_hip,369.5436365452756,187.94011433490687,0.9973815083503724
34,1.1332200113322002,left_knee,370.2779482506167,206.29527773569373,0.9902691841125488
34,1.1332200113322002,right_knee,370.3712683449676,208.3235932513132,0.9970679879188538
34,1.1332200113322002,left_ankle,369.7977445735447,223.8505292686909,0.9686473608016968
34,1.1332200113322002,right_ankle,370.2693270703342,230.07786894779983,0.9846256971359252
35,1.1665500116655,nose,347.8440744350429,96.88920704373784,0.3941722512245178
35,1.1665500116655,left_shoulder,365.0519270582295,156.31380957389715,0.9258681535720824
35,1.1665500116655,right_shoulder,370.9709093546454,156.60150088773193,0.9766681790351868
35,1.1665500116655,left_elbow,351.5369064777411,145.39101983913838,0.5141862630844116
35,1.1665500116655,right_elbow,369.3620267873771,169.8229907033197,0.8652769327163696
35,1.1665500116655,left_wrist,350.11907065832463,105.66522371369604,0.3043099343776703
35,1.1665500116655,right_wrist,373.6075086297362,164.62723018231227,0.5520245432853699
35,1.1665500116655,left_hip,366.7709668577624,185.99483551389136,0.9926907420158386
35,1.1665500116655,right_hip,371.0309298692763,187.2139825373414,0.9961842894554138
35,1.1665500116655,left_knee,369.20737133484965,205.31084456379403,0.9926695823669434
35,1.1665500116655,right_knee,372.1416616118858,208.7776640218682,0.9961400628089904
35,1.1665500116655,left_ankle,367.6468069106086,221.96143888579397,0.9815213084220886
35,1.1665500116655,right_ankle,371.2489009835291,231.88432412711532,0.985471487045288
36,1.1998800119988,nose,347.8440744350429,96.88920704373784,0.3941722512245178
36,1.1998800119988,left_shoulder,363.6560723526469,155.4625113788124,0.9879190325737
36,1.1998800119988,right_shoulder,373.4179290147515,155.7188385134313,0.9850441217422484
36,1.1998800119988,left_elbow,352.01703714017447,160.0982227882521,0.8892275094985962
36,1.1998800119988,right_elbow,373.5384246565553,168.91586655764667,0.8578171730041504
36,1.1998800119988,left_wrist,357.1300209147116,163.3153278818031,0.506117582321167
36,1.1998800119988,right_wrist,355.6683146622931,119.4938348789592,0.4693609178066253
36,1.1998800119988,left_hip,366.0663595504871,183.5633420039541,0.9991204142570496
36,1.1998800119988,right_hip,372.5367628624942,184.6317516843878,0.9990022778511048
36,1.1998800119988,left_knee,368.0051518925615,204.63905330515487,0.9989142417907716
36,1.1998800119988,right_knee,371.9696268646321,207.83662846365573,0.9986342787742616
36,1.1998800119988,left_ankle,365.5954133377994,224.4287963261753,0.9948935508728028
36,1.1998800119988,right_ankle,370.81961873708894,232.4991118402085,0.993017077445984
37,1.2332100123321,nose,347.8440744350429,96.88920704373784,0.3941722512245178
37,1.2332100123321,left_shoulder,364.1833276047904,154.09761707230112,0.9955152869224548
37,1.2332100123321,right_shoulder,376.5608414426014,154.4185068867172,0.990500271320343
37,1.2332100123321,left_elbow,353.47413972681903,162.81044211178752,0.9443478584289552
37,1.2332100123321,right_elbow,381.3840155956485,166.71298373854472,0.8709506988525391
37,1.2332100123321,left_wrist,358.95562530578127,168.50944138076463,0.575391411781311
37,1.2332100123321,right_wrist,349.5375258760888,105.9790444362397,0.4046981632709503
37,1.2332100123321,left_hip,366.3285975666272,183.1372911647368,0.9988815188407898
37,1.2332100123321,right_hip,374.1357384276935,183.69262881782257,0.9983626008033752
37,1.2332100123321,left_knee,368.1063144840512,206.13410883631812,0.9927552342414856
37,1.2332100123321,right_knee,371.6689712197538,208.0224115940007,0.988711714744568
37,1.2332100123321,left_ankle,366.1492743362763,228.2070221067001,0.9226405024528505
37,1.2332100123321,right_ankle,369.6638774919223,232.79485280292775,0.8893327713012695
38,1.2665400126654,nose,347.8440744350429,96.88920704373784,0.3941722512245178
38,1.2665400126654,left_shoulder,364.1833276047904,154.09761707230112,0.9955152869224548
38,1.2665400126654,right_shoulder,383.9978119051325,131.96833906035585,0.9647400975227356
38,1.2665400126654,left_elbow,353.47413972681903,162.81044211178752,0.9443478584289552
38,1.2665400126654,right_elbow,381.80644696955335,143.57499158178612,0.9761476516723632
38,1.2665400126654,left_wrist,358.95562530578127,168.50944138076463,0.575391411781311
38,1.2665400126654,right_wrist,363.9269678874588,120.85247041978586,0.9423179626464844
38,1.2665400126654,left_hip,380.4700001487964,167.56527700524833,0.8191931843757629
38,1.2665400126654,right_hip,383.85845937619297,167.44045794770707,0.9819595217704772
38,1.2665400126654,left_knee,377.64757982355934,197.2878288314461,0.6335480213165283
38,1.2665400126654,right_knee,381.3889774944223,197.6618220947964,0.953529953956604
38,1.2665400126654,left_ankle,366.1492743362763,228.2070221067001,0.9226405024528505
38,1.2665400126654,right_ankle,379.4125699565556,229.301314010819,0.6113614439964294
39,1.2998700129987002,nose,347.8440744350429,96.88920704373784,0.3941722512245178
39,1.2998700129987002,left_shoulder,365.1506400551019,150.00856468785747,0.9325845241546632
39,1.2998700129987002,right_shoulder,381.3862897420637,139.50907427004807,0.8788512349128723
39,1.2998700129987002,left_elbow,356.73080086981304,158.1025815267362,0.6499091982841492
39,1.2998700129987002,right_elbow,361.4494585033468,105.54970853435846,0.4278651773929596
39,1.2998700129987002,left_wrist,358.95562530578127,168.50944138076463,0.575391411781311
39,1.2998700129987002,right_wrist,363.9269678874588,120.85247041978586,0.9423179626464844
39,1.2998700129987002,left_hip,376.1146854774705,170.72801286107622,0.968200147151947
39,1.2998700129987002,right_hip,379.9790508307654,170.8331338283494,0.9596680402755736
39,1.2998700129987002,left_knee,375.0530831875511,198.8984857195928,0.930772304534912
39,1.2998700129987002,right_knee,377.2518006662154,199.1677107922129,0.9083272814750672
39,1.2998700129987002,left_ankle,366.74118757679327,230.4731083577247,0.6858910918235779
39,1.2998700129987002,right_ankle,375.15567798138346,229.97803694647,0.6259443163871765
40,1.333200013332,nose,347.8440744350429,96.88920704373784,0.3941722512245178
40,1.333200013332,left_shoulder,365.2050123262507,147.8511655352973,0.9857136011123656
40,1.333200013332,right_shoulder,380.2727971091273,141.37107507760288,0.9895195960998536
40,1.333200013332,left_elbow,357.9363746136438,157.48905165636768,0.8612132668495178
40,1.333200013332,right_elbow,368.6636606700781,130.513935567511,0.8904554843902588
40,1.333200013332,left_wrist,352.25875057121505,107.47863045964408,0.3438168168067932
40,1.333200013332,right_wrist,354.6553238239716,102.81894337870254,0.427973598241806
40,1.333200013332,left_hip,373.8130164644076,171.0155027601736,0.9988828301429749
40,1.333200013332,right_hip,378.1169525684139,171.1091973062805,0.9990628361701964
40,1.333200013332,left_knee,373.6456626036597,196.31129371695005,0.997025191783905
40,1.333200013332,right_knee,376.0219031051114,196.95678569830093,0.9972779154777528
40,1.333200013332,left_ankle,367.18468138178656,226.49122698292564,0.9838927984237672
40,1.333200013332,right_ankle,373.8019724942859,221.2360375352626,0.984081506729126
41,1.3665300136653,nose,347.8440744350429,96.88920704373784,0.3941722512245178
41,1.3665300136653,left_shoulder,365.5220218156183,147.08406365075484,0.9414090514183044
41,1.3665300136653,right_shoulder,380.3084517473275,142.67883930046452,0.9773823618888856
41,1.3665300136653,left_elbow,355.9742523760318,110.0977675275374,0.4937386512756347
41,1.3665300136653,right_elbow,376.8712400351556,147.90337483444924,0.7243879437446594
41,1.3665300136653,left_wrist,352.25875057121505,107.47863045964408,0.3438168168067932
41,1.3665300136653,right_wrist,354.6553238239716,102.81894337870254,0.427973598241806
41,1.3665300136653,left_hip,371.6762390044989,171.37407307463909,0.9943665862083436
41,1.3665300136653,right_hip,377.4934513305394,171.53726323464142,0.9966593980789183
41,1.3665300136653,left_knee,372.5240506079404,194.7929493789485,0.9889814853668212
41,1.3665300136653,right_knee,375.4100990089176,195.81306795347365,0.9929881691932678
41,1.3665300136653,left_ankle,368.0097702661352,218.70221064094227,0.9658795595169068
41,1.3665300136653,right_ankle,373.1324730280916,215.7369107326462,0.9749141931533812
42,1.3998600139986002,nose,349.46696525356674,96.97337501608386,0.3154663145542145
42,1.3998600139986002,left_shoulder,377.5482229167674,129.77051871979134,0.5364909172058105
42,1.3998600139986002,right_shoulder,383.348824749285,130.59529939632571,0.7858447432518005
42,1.3998600139986002,left_elbow,355.9742523760318,110.0977675275374,0.4937386512756347
42,1.3998600139986002,right_elbow,380.3997277846132,144.87448381223533,0.5868762135505676
42,1.3998600139986002,left_wrist,352.25875057121505,107.47863045964408,0.3438168168067932
42,1.3998600139986002,right_wrist,351.93248586286643,98.5123797888774,0.4236253499984741
42,1.3998600139986002,left_hip,378.4959309393689,154.11931885925924,0.7287929058074951
42,1.3998600139986002,right_hip,382.8417944132691,154.14729323622322,0.8400487303733826
42,1.3998600139986002,left_knee,358.38179811954467,111.1070785547007,0.4928329288959503
42,1.3998600139986002,right_knee,382.8435059200272,171.65943003200442,0.6479932069778442
42,1.3998600139986002,left_ankle,368.0097702661352,218.70221064094227,0.9658795595169068
42,1.3998600139986002,right_ankle,373.1324730280916,215.7369107326462,0.9749141931533812
43,1.4331900143319,nose,349.46696525356674,96.97337501608386,0.3154663145542145
43,1.4331900143319,left_shoulder,373.8604691566842,134.2364964313445,0.7381508946418762
43,1.4331900143319,right_shoulder,380.5824452480461,133.58354687145615,0.7666491866111755
43,1.4331900143319,left_elbow,367.312679831856,126.1218994859461,0.5123946666717529
43,1.4331900143319,right_elbow,377.60864955833256,146.9704279573494,0.5697134733200073
43,1.4331900143319,left_wrist,350.3468502401004,101.3060891039518,0.3423322439193725
43,1.4331900143319,right_wrist,350.6490486683056,99.30242945221492,0.423329085111618
43,1.4331900143319,left_hip,377.05897673775024,159.90790219959115,0.9777690172195436
43,1.4331900143319,right_hip,380.1916539540039,160.0383574244167,0.9811029434204102
43,1.4331900143319,left_knee,364.1163744568784,140.77142852218824,0.984304130077362
43,1.4331900143319,right_knee,380.42169385366265,181.4494919081123,0.9861889481544496
43,1.4331900143319,left_ankle,372.7442323699096,210.3468701936899,0.9662495851516724
43,1.4331900143319,right_ankle,374.7352675695112,211.20661820263032,0.9682867527008056
45,1.4998500149985,nose,383.2404908993784,110.97385142333718,0.869645357131958
45,1.4998500149985,left_shoulder,358.771943906857,99.9398173933208,0.4270932972431183
45,1.4998500149985,right_shoulder,381.4406107343651,126.73133149340634,0.9272013902664183
45,1.4998500149985,left_elbow,367.312679831856,126.1218994859461,0.5123946666717529
45,1.4998500149985,right_elbow,379.9256109987032,141.47028235454343,0.8399151563644409
45,1.4998500149985,left_wrist,350.3468502401004,101.3060891039518,0.3423322439193725
45,1.4998500149985,right_wrist,375.1581575569584,132.17110103560267,0.7561382055282593
45,1.4998500149985,left_hip,386.265573317065,152.5443523086096,0.6972464919090271
45,1.4998500149985,right_hip,383.8124930726417,152.7553687560557,0.911618709564209
45,1.4998500149985,left_knee,382.4943832779171,157.88981405208455,0.7140069603919983
45,1.4998500149985,right_knee,385.6629894735511,170.37353935122246,0.9167382717132568
45,1.4998500149985,left_ankle,387.8830583900299,187.15164584502432,0.6176794171333313
45,1.4998500149985,right_ankle,385.4610103223144,187.17116102798175,0.8179774284362793
46,1.5331800153318,nose,383.2404908993784,110.97385142333718,0.869645357131958
46,1.5331800153318,left_shoulder,361.02856915978566,110.26435500878158,0.7475809454917908
46,1.5331800153318,right_shoulder,380.7027165145586,129.34254505070982,0.7547785043716431
46,1.5331800153318,left_elbow,368.4009068061344,141.1246841531814,0.5513625144958496
46,1.5331800153318,right_elbow,380.7870837977239,142.27292604557957,0.5029918551445007
46,1.5331800153318,left_wrist,350.6790497652285,97.10818861162934,0.32191863656044
46,1.5331800153318,right_wrist,375.1581575569584,132.17110103560267,0.7561382055282593
46,1.5331800153318,left_hip,381.5943003971814,155.8050363832111,0.980476975440979
46,1.5331800153318,right_hip,382.5705673925894,155.28110446911896,0.9803604483604432
46,1.5331800153318,left_knee,379.2390089567278,182.091702657105,0.9870874881744384
46,1.5331800153318,right_knee,383.56060429797776,174.67529623582533,0.9847295880317688
46,1.5331800153318,left_ankle,383.33084650456254,195.14806894437987,0.9701987504959106
46,1.5331800153318,right_ankle,382.8133584510592,194.1876718269607,0.9728255867958068
47,1.5665100156651002,nose,385.6142974485492,114.31184731561372,0.6603910326957703
47,1.5665100156651002,left_shoulder,356.17225876837034,101.2798502411697,0.3913988173007965
47,1.5665100156651002,right_shoulder,381.0301745509407,127.17838156618048,0.8876479864120483
47,1.5665100156651002,left_elbow,368.4009068061344,141.1246841531814,0.5513625144958496
47,1.5665100156651002,right_elbow,381.0450228707765,139.05511184489777,0.7839123010635376
47,1.5665100156651002,left_wrist,350.6790497652285,97.10818861162934,0.32191863656044
47,1.5665100156651002,right_wrist,381.5780140788619,138.0363699012961,0.6611683368682861
47,1.5665100156651002,left_hip,385.46948415716014,151.54892487433682,0.7649723291397095
47,1.5665100156651002,right_hip,384.2988532997993,151.2918144477703,0.928564727306366
47,1.5665100156651002,left_knee,384.768561187664,171.0669180596164,0.8282266855239868
47,1.5665100156651002,right_knee,385.2792252977486,168.46873811228343,0.9507506489753724
47,1.5665100156651002,left_ankle,387.8772088514991,188.4051530909612,0.7658320069313049
47,1.5665100156651002,right_ankle,386.0908516681682,186.7150185759831,0.8965312242507935
48,1.5998400159984,nose,385.8870867168356,112.05651010586482,0.5554486513137817
48,1.5998400159984,left_shoulder,376.0035455609911,105.00000523769113,0.6608874797821045
48,1.5998400159984,right_shoulder,380.9765546016023,122.71810585376812,0.9325538277626038
48,1.5998400159984,left_elbow,368.4009068061344,141.1246841531814,0.5513625144958496
48,1.5998400159984,right_elbow,379.5209986630821,134.95501203113315,0.8204206228256226
48,1.5998400159984,left_wrist,350.6790497652285,97.10818861162934,0.32191863656044
48,1.5998400159984,right_wrist,379.20312929457407,137.03362943542538,0.6955020427703857
48,1.5998400159984,left_hip,387.4528906876542,147.7759293602869,0.8826176524162292
48,1.5998400159984,right_hip,384.5588272719668,147.8303454370208,0.95589417219162
48,1.5998400159984,left_knee,386.7128247508817,168.58795528436087,0.8305299878120422
48,1.5998400159984,right_knee,385.6372089761859,167.528204074793,0.9335881471633912
48,1.5998400159984,left_ankle,388.4827112068024,186.47420866378997,0.5797295570373535
48,1.5998400159984,right_ankle,387.1991079413704,186.34266311958544,0.738448977470398
49,1.6331700163317002,nose,385.8870867168356,112.05651010586482,0.5554486513137817
49,1.6331700163317002,left_shoulder,373.24156475711465,129.62838254263988,0.9663593769073486
49,1.6331700163317002,right_shoulder,378.8901854137878,128.13032335226012,0.9516169428825378
49,1.6331700163317002,left_elbow,368.6177706698628,149.71072445532053,0.8834742903709412
49,1.6331700163317002,right_elbow,377.91441862775815,139.41446758426636,0.7630062103271484
49,1.6331700163317002,left_wrist,359.3040946058279,134.48112282389909,0.5770100355148315
49,1.6331700163317002,right_wrist,364.2242332708131,107.85607408573588,0.4740146696567535
49,1.6331700163317002,left_hip,381.65900647500735,155.6696383494631,0.9958595633506776
49,1.6331700163317002,right_hip,381.76157775125125,155.53012613357276,0.9947299957275392
49,1.6331700163317002,left_knee,382.8628939984948,181.0112275228895,0.9945883750915528
49,1.6331700163317002,right_knee,382.2509258108791,176.58808378071728,0.9921282529830932
49,1.6331700163317002,left_ankle,382.43228988034383,196.4006246393511,0.9726275205612184
49,1.6331700163317002,right_ankle,384.0703257025099,193.06496513334943,0.963295578956604
50,1.666500016665,nose,385.8870867168356,112.05651010586482,0.5554486513137817
50,1.666500016665,left_shoulder,371.8788911756518,134.51722417782847,0.9390724897384644
50,1.666500016665,right_shoulder,378.2463172288316,132.2766030503737,0.993006467819214
50,1.666500016665,left_elbow,368.7303389807932,149.70182395528207,0.5195325016975403
50,1.666500016665,right_elbow,378.3474107499435,144.28689196884957,0.9567919969558716
50,1.666500016665,left_wrist,359.3040946058279,134.48112282389909,0.5770100355148315
50,1.666500016665,right_wrist,372.3501788463009,145.2241727988813,0.7729268074035645
50,1.666500016665,left_hip,374.8705793012858,159.1324994369259,0.9915807843208312
50,1.666500016665,right_hip,378.6002445973021,159.25776842037627,0.9970276951789856
50,1.666500016665,left_knee,375.7039740396302,183.38241222613692,0.9706056714057922
50,1.666500016665,right_knee,379.47540707446376,181.3501466960348,0.9887502789497375
50,1.666500016665,left_ankle,375.8656040042064,201.613436270054,0.8233729004859924
50,1.666500016665,right_ankle,380.1949374122737,200.1876672530788,0.8943540453910828
51,1.6998300169983,nose,385.8870867168356,112.05651010586482,0.5554486513137817
51,1.6998300169983,left_shoulder,371.0056261183143,136.28516240220648,0.9100544452667236
51,1.6998300169983,right_shoulder,378.8947654647864,134.7800660460499,0.9953413009643556
51,1.6998300169983,left_elbow,361.64148018600406,94.91833548052774,0.4776092171669006
51,1.6998300169983,right_elbow,380.2092601156983,147.60274888500436,0.981171727180481
51,1.6998300169983,left_wrist,359.3040946058279,134.48112282389909,0.5770100355148315
51,1.6998300169983,right_wrist,380.67394947441664,158.52851739558025,0.864826500415802
51,1.6998300169983,left_hip,371.943609444673,161.911369487237,0.9979324340820312
51,1.6998300169983,right_hip,378.3525412959441,161.98226281514124,0.999552309513092
51,1.6998300169983,left_knee,372.3383102185486,183.33226436654417,0.9935604333877563
51,1.6998300169983,right_knee,378.4120910215751,182.4530805004146,0.998488426208496
51,1.6998300169983,left_ankle,373.2451368695397,201.2526224062903,0.972598671913147
51,1.6998300169983,right_ankle,378.8599229009949,200.3128051312035,0.9897449612617492
52,1.7331600173316002,nose,385.8870867168356,112.05651010586482,0.5554486513137817
52,1.7331600173316002,left_shoulder,370.4479969890725,140.49477167784502,0.9146808981895448
52,1.7331600173316002,right_shoulder,379.1301356186264,139.56780544529974,0.9827641248703004
52,1.7331600173316002,left_elbow,362.7935843647338,121.20127323236906,0.6287130117416382
52,1.7331600173316002,right_elbow,381.515899095413,152.21820101030033,0.9348267316818236
52,1.7331600173316002,left_wrist,356.75086091712615,87.0604687925792,0.359476774930954
52,1.7331600173316002,right_wrist,383.1497023066894,164.6131426965651,0.7557911276817322
52,1.7331600173316002,left_hip,370.5042264414756,164.04278179708,0.9925674200057985
52,1.7331600173316002,right_hip,377.92664163164704,164.44422070361446,0.996560275554657
52,1.7331600173316002,left_knee,371.02165616096426,182.33607646692167,0.9841899275779724
52,1.7331600173316002,right_knee,377.9021559348606,183.0365988807713,0.9920401573181152
52,1.7331600173316002,left_ankle,371.9610985816012,199.7120802001401,0.9475284814834596
52,1.7331600173316002,right_ankle,378.0731701310056,200.9077197038688,0.9630293846130372
53,1.7664900176649,nose,385.8870867168356,112.05651010586482,0.5554486513137817
53,1.7664900176649,left_shoulder,370.0412912678577,139.54214258249874,0.8622099757194519
53,1.7664900176649,right_shoulder,379.5737639215619,139.2431366193641,0.9436537623405457
53,1.7664900176649,left_elbow,358.49410212591,90.16245140854085,0.472735583782196
53,1.7664900176649,right_elbow,383.3349950812468,150.01019108604203,0.7833720445632935
53,1.7664900176649,left_wrist,356.75086091712615,87.0604687925792,0.359476774930954
53,1.7664900176649,right_wrist,369.8956469176324,98.19416126232127,0.3862966895103454
53,1.7664900176649,left_hip,369.710835805733,164.09533132372886,0.9928594827651978
53,1.7664900176649,right_hip,377.75946601385846,164.67717308852485,0.9957913160324096
53,1.7664900176649,left_knee,370.50933809084313,181.1307394847616,0.9905810952186584
53,1.7664900176649,right_knee,377.5989166505766,183.1597613071829,0.9942237734794616
53,1.7664900176649,left_ankle,371.32612828437817,198.6444987121544,0.9771379232406616
53,1.7664900176649,right_ankle,377.5711242526364,201.22666892006225,0.9809094071388244
54,1.7998200179982002,nose,385.8870867168356,112.05651010586482,0.5554486513137817
54,1.7998200179982002,left_shoulder,369.6143929497196,141.90169404779573,0.7736207246780396
54,1.7998200179982002,right_shoulder,379.52275474024754,141.77624028757455,0.950905442237854
54,1.7998200179982002,left_elbow,356.1692068542075,78.335873116128,0.4481538236141205
54,1.7998200179982002,right_elbow,382.9286563515999,153.47346013227087,0.8928988575935364
54,1.7998200179982002,left_wrist,356.75086091712615,87.0604687925792,0.359476774930954
54,1.7998200179982002,right_wrist,374.36653852711066,142.49787201252258,0.717997670173645
54,1.7998200179982002,left_hip,369.6116669886056,164.03942172548804,0.9750848412513732
54,1.7998200179982002,right_hip,377.5354329400293,164.67946607805527,0.9892451763153076
54,1.7998200179982002,left_knee,369.3972372514736,180.2681800454082,0.9635249376296996
54,1.7998200179982002,right_knee,377.3707552271021,182.87211368588297,0.9836155772209167
54,1.7998200179982002,left_ankle,369.8642335783413,197.2987402868812,0.9139498472213744
54,1.7998200179982002,right_ankle,377.2344340430882,201.1277289393147,0.9422438740730286
55,1.8331500183315,nose,385.8870867168356,112.05651010586482,0.5554486513137817
55,1.8331500183315,left_shoulder,369.6301069824586,138.57485541154472,0.954192280769348
55,1.8331500183315,right_shoulder,380.2903433697401,139.45048624550722,0.9814717769622804
55,1.8331500183315,left_elbow,358.6069560727824,124.45850910659254,0.6937341690063477
55,1.8331500183315,right_elbow,383.5071581901889,153.28945198110347,0.877659797668457
55,1.8331500183315,left_wrist,356.75086091712615,87.0604687925792,0.359476774930954
55,1.8331500183315,right_wrist,379.2657600194798,162.74964595464124,0.5211365818977356
55,1.8331500183315,left_hip,369.98042179793714,163.72840511228526,0.9977477192878724
55,1.8331500183315,right_hip,377.9226464530585,164.2944939956518,0.9985883831977844
55,1.8331500183315,left_knee,370.0133703781852,181.00078144945945,0.9948073029518129
55,1.8331500183315,right_knee,377.5496417104001,183.26507162752452,0.996494472026825
55,1.8331500183315,left_ankle,370.66050074582046,197.98039754471748,0.9785212278366088
55,1.8331500183315,right_ankle,377.1490157117959,202.59728019174696,0.9820978045463562
56,1.8664800186648005,nose,385.8870867168356,112.05651010586482,0.5554486513137817
56,1.8664800186648005,left_shoulder,371.067254428866,137.12689235644012,0.8520104885101318
56,1.8664800186648005,right_shoulder,379.3897236382143,138.14399531356014,0.9712148308753968
56,1.8664800186648005,left_elbow,357.14016457933855,88.80286010791868,0.4307636320590973
56,1.8664800186648005,right_elbow,378.5128969591611,151.56828395626457,0.8983808755874634
56,1.8664800186648005,left_wrist,356.75086091712615,87.0604687925792,0.359476774930954
56,1.8664800186648005,right_wrist,378.6477188827081,161.93540977785193,0.7540290355682373
56,1.8664800186648005,left_hip,371.2718343456753,163.6839767583335,0.990054726600647
56,1.8664800186648005,right_hip,377.296262275452,164.32016385329257,0.9959306120872498
56,1.8664800186648005,left_knee,370.7208951960117,181.41459887607823,0.9869551062583924
56,1.8664800186648005,right_knee,377.43344376528273,183.8081439570241,0.9944010376930236
56,1.8664800186648005,left_ankle,370.9467748577007,198.1489882093596,0.9623164534568788
56,1.8664800186648005,right_ankle,376.8389169870775,203.92952755790475,0.976024091243744
57,1.8998100189981,nose,378.1836806749285,107.49515206305117,0.6728852987289429
57,1.8998100189981,left_shoulder,376.1048408857348,125.7785636461668,0.961056649684906
57,1.8998100189981,right_shoulder,379.0757958874588,125.2240014063415,0.9811245203018188
57,1.8998100189981,left_elbow,370.20967146615885,107.31662909496625,0.7127164602279663
57,1.8998100189981,right_elbow,375.1655615178978,138.93802074388543,0.8416511416435242
57,1.8998100189981,left_wrist,355.765992634137,69.22391642785519,0.4923499822616577
57,1.8998100189981,right_wrist,372.7519536700041,152.06245783321117,0.6287662386894226
57,1.8998100189981,left_hip,373.0551766173125,156.33895132893946,0.9966604709625244
57,1.8998100189981,right_hip,377.1069512836285,156.5835791460193,0.9978581070899964
57,1.8998100189981,left_knee,371.72560767638265,179.92865325269096,0.9951163530349731
57,1.8998100189981,right_knee,377.4347718467085,182.25164607045093,0.9968175888061525
57,1.8998100189981,left_ankle,372.1937977866746,198.85318159924063,0.9718939065933228
57,1.8998100189981,right_ankle,376.863431574486,203.41868094689124,0.9798824191093444
58,1.9331400193314,nose,377.7593415420256,107.21137149027416,0.5904651880264282
58,1.9331400193314,left_shoulder,377.6655749839072,120.3720039437854,0.9437552094459534
58,1.9331400193314,right_shoulder,378.3563157097041,120.584774654379,0.938751459121704
58,1.9331400193314,left_elbow,377.8692982514684,119.77167804059668,0.6794193387031555
58,1.9331400193314,right_elbow,375.8367377501784,133.66073031434664,0.6566019058227539
58,1.9331400193314,left_wrist,355.59353851420275,66.6293773526924,0.4545247554779053
58,1.9331400193314,right_wrist,362.0878588135844,80.54378388048774,0.4402424991130829
58,1.9331400193314,left_hip,374.5599207963724,152.2369685852803,0.9951007962226868
58,1.9331400193314,right_hip,376.79132418698697,152.4500937462297,0.9953860640525818
58,1.9331400193314,left_knee,372.2406995331229,178.15663069096635,0.9942986965179444
58,1.9331400193314,right_knee,377.2383080633696,180.0504275890487,0.994573414325714
58,1.9331400193314,left_ankle,372.923310671831,198.60203311672504,0.978010892868042
58,1.9331400193314,right_ankle,377.0195864655407,202.41846826816848,0.9784956574440002
59,1.9664700196647005,nose,377.7593415420256,107.21137149027416,0.5904651880264282
59,1.9664700196647005,left_shoulder,378.1092048092371,119.32712023578344,0.8456922769546509
59,1.9664700196647005,right_shoulder,376.9477986105792,119.18104589806308,0.876714825630188
59,1.9664700196647005,left_elbow,374.0210581535292,82.39268896418373,0.4742315411567688
59,1.9664700196647005,right_elbow,376.4138520582235,135.11082642097892,0.5611823797225952
59,1.9664700196647005,left_wrist,355.59353851420275,66.6293773526924,0.4545247554779053
59,1.9664700196647005,right_wrist,358.3312018828448,66.02738964545236,0.3188768327236175
59,1.9664700196647005,left_hip,374.8887810213215,153.11085247082383,0.9818525910377502
59,1.9664700196647005,right_hip,375.3918103354852,153.07560156613965,0.9847187399864196
59,1.9664700196647005,left_knee,372.535278366325,178.6513286508476,0.9586165547370912
59,1.9664700196647005,right_knee,376.4257649177639,180.2310246568262,0.9664021134376526
59,1.9664700196647005,left_ankle,374.012179680182,199.37462436635676,0.8387238383293152
59,1.9664700196647005,right_ankle,376.82089849478217,202.25621672512307,0.8566977381706238
60,1.999800019998,nose,377.7593415420256,107.21137149027416,0.5904651880264282
60,1.999800019998,left_shoulder,376.1047378058046,123.03414881858411,0.9376192092895508
60,1.999800019998,right_shoulder,378.0096771194831,123.35964424274012,0.9119784832000732
60,1.999800019998,left_elbow,371.2068870365547,120.2465205523698,0.6311076283454895
60,1.999800019998,right_elbow,363.9170874087636,73.3828945251538,0.4648151397705078
60,1.999800019998,left_wrist,355.59353851420275,66.6293773526924,0.4545247554779053
60,1.999800019998,right_wrist,358.3312018828448,66.02738964545236,0.3188768327236175
60,1.999800019998,left_hip,374.395423135993,153.69848991283848,0.991287887096405
60,1.999800019998,right_hip,376.5509780206306,153.6439019080327,0.9906576871871948
60,1.999800019998,left_knee,372.921523860983,175.91383139817623,0.9893290400505066
60,1.999800019998,right_knee,377.1512546874941,177.02408788193122,0.9884327054023744
60,1.999800019998,left_ankle,374.8199024866884,196.63675280292583,0.9669353365898132
60,1.999800019998,right_ankle,377.37671630533,198.59426625903131,0.9650532007217408
61,2.0331300203313,nose,377.7593415420256,107.21137149027416,0.5904651880264282
61,2.0331300203313,left_shoulder,374.4712947344013,125.48327281816628,0.9506621956825256
61,2.0331300203313,right_shoulder,379.6630904640411,124.73788525567912,0.8866578936576843
61,2.0331300203313,left_elbow,368.81512005726233,135.85123541226545,0.6638655662536621
61,2.0331300203313,right_elbow,359.54521973366786,61.4211854646503,0.323870837688446
61,2.0331300203313,left_wrist,355.59353851420275,66.6293773526924,0.4545247554779053
61,2.0331300203313,right_wrist,358.3312018828448,66.02738964545236,0.3188768327236175
61,2.0331300203313,left_hip,374.2283606867824,153.9868060071251,0.993556559085846
61,2.0331300203313,right_hip,378.26255441830176,153.8391089008214,0.991081476211548
61,2.0331300203313,left_knee,373.5365137420018,173.99094986394834,0.99055415391922
61,2.0331300203313,right_knee,378.18768068628026,174.73279168054884,0.986732542514801
61,2.0331300203313,left_ankle,375.79909037494906,193.6904312143552,0.9712111353874208
61,2.0331300203313,right_ankle,378.1453914452942,194.7101844582507,0.963853657245636
67,2.2331100223311,nose,379.2362861151839,109.36036155882827,0.6388304829597473
67,2.2331100223311,left_shoulder,381.347723129588,117.9274414081098,0.9510246515274048
67,2.2331100223311,right_shoulder,378.9396688824865,117.50809999492864,0.8320115208625793
67,2.2331100223311,left_elbow,382.5731906076008,123.08736221833246,0.9153612852096558
67,2.2331100223311,right_elbow,371.53972739442383,107.2498948786313,0.6628705263137817
67,2.2331100223311,left_wrist,384.1992578300428,121.66844841305,0.8689941167831421
67,2.2331100223311,right_wrist,371.1816998947318,112.45949430867304,0.6386542916297913
67,2.2331100223311,left_hip,381.0038993200941,133.42010406818628,0.981290876865387
67,2.2331100223311,right_hip,379.0901377410038,133.33514487242235,0.9641482830047609
67,2.2331100223311,left_knee,380.7384502862241,147.45580194869882,0.936575412750244
67,2.2331100223311,right_knee,379.19244679670135,147.80318619864917,0.8827782273292542
67,2.2331100223311,left_ankle,382.4866766682471,159.15754191296088,0.6347070336341858
67,2.2331100223311,right_ankle,378.9015580554675,158.97447812679965,0.5195666551589966
68,2.2664400226644004,nose,379.2362861151839,109.36036155882827,0.6388304829597473
68,2.2664400226644004,left_shoulder,381.2641410156034,122.22119514282215,0.7405150532722473
68,2.2664400226644004,right_shoulder,380.8755480227567,122.18308411885027,0.760883629322052
68,2.2664400226644004,left_elbow,373.2922622200063,94.4774952672316,0.3307240903377533
68,2.2664400226644004,right_elbow,368.300594563852,89.04757641267753,0.395912230014801
68,2.2664400226644004,left_wrist,384.1992578300428,121.66844841305,0.8689941167831421
68,2.2664400226644004,right_wrist,371.1816998947318,112.45949430867304,0.6386542916297913
68,2.2664400226644004,left_hip,380.6647657318032,135.6835912159381,0.9223333597183228
68,2.2664400226644004,right_hip,380.0621661577573,135.70873365721715,0.9315571784973145
68,2.2664400226644004,left_knee,380.0341150746663,151.27159088366037,0.8399974703788757
68,2.2664400226644004,right_knee,379.4008215917461,151.78993471034352,0.8570160269737244
68,2.2664400226644004,left_ankle,381.9550806573663,163.95487357677064,0.5721334218978882
68,2.2664400226644004,right_ankle,379.35019866834864,163.96004904274827,0.596392035484314
70,2.333100023331,nose,379.2362861151839,109.36036155882827,0.6388304829597473
70,2.333100023331,left_shoulder,380.6990626124259,122.51773911197728,0.8385993838310242
70,2.333100023331,right_shoulder,383.3684785734226,123.1492558008536,0.8810528516769409
70,2.333100023331,left_elbow,376.55825994302114,116.89419298269593,0.571382999420166
70,2.333100023331,right_elbow,378.50889065958427,123.62902631579814,0.6431949734687805
70,2.333100023331,left_wrist,372.220270004765,88.30316123621772,0.3220966458320617
70,2.333100023331,right_wrist,367.47878754895567,85.33758041974846,0.3173887431621551
70,2.333100023331,left_hip,380.036156909774,143.8588041457977,0.8778936266899109
70,2.333100023331,right_hip,381.5576678381384,144.21194015953944,0.8811308741569519
70,2.333100023331,left_knee,380.0341150746663,151.27159088366037,0.8399974703788757
70,2.333100023331,right_knee,379.4008215917461,151.78993471034352,0.8570160269737244
70,2.333100023331,left_ankle,381.9550806573663,163.95487357677064,0.5721334218978882
70,2.333100023331,right_ankle,379.35019866834864,163.96004904274827,0.596392035484314
71,2.3664300236643,nose,377.1639607756833,116.08131341756344,0.9469375014305116
71,2.3664300236643,left_shoulder,381.8501609325001,126.0442849134582,0.9594135880470276
71,2.3664300236643,right_shoulder,382.1698902836218,125.95675662965569,0.8783864974975586
71,2.3664300236643,left_elbow,381.3387483313472,135.2630133194772,0.7341814041137695
71,2.3664300236643,right_elbow,371.5101523465759,104.26564522206404,0.387058675289154
71,2.3664300236643,left_wrist,379.7540759748992,136.234463689791,0.6264212727546692
71,2.3664300236643,right_wrist,365.1378630412928,87.36317533566009,0.336241602897644
71,2.3664300236643,left_hip,380.5142250918175,149.26975948381644,0.9633470177650452
71,2.3664300236643,right_hip,380.71152227733614,149.24719544291526,0.9436618089675904
71,2.3664300236643,left_knee,380.2927870633525,164.75899910761177,0.9256118535995485
71,2.3664300236643,right_knee,379.882366436561,165.56138370931785,0.8964084982872009
71,2.3664300236643,left_ankle,382.07232966958463,179.67249466907208,0.719883382320404
71,2.3664300236643,right_ankle,380.8239648614724,178.3114753441937,0.6820201277732849
72,2.3997600239976,nose,377.5356752450887,117.33732277479776,0.8090649843215942
72,2.3997600239976,left_shoulder,384.2807135190714,127.48443689302307,0.9792622327804564
72,2.3997600239976,right_shoulder,380.8089343516821,127.23169408119928,0.9714031219482422
72,2.3997600239976,left_elbow,387.66942716315975,137.24020532295805,0.9013526439666748
72,2.3997600239976,right_elbow,371.4238652965146,122.05333258025011,0.8496867418289185
72,2.3997600239976,left_wrist,387.9793546628439,136.9944552436998,0.8152352571487427
72,2.3997600239976,right_wrist,366.5608976414248,122.1578254729553,0.7512061595916748
72,2.3997600239976,left_hip,381.8816099822203,151.2785257697152,0.9909027218818665
72,2.3997600239976,right_hip,380.29250259906667,151.1426007853396,0.9897441267967224
72,2.3997600239976,left_knee,381.1276471703722,167.40739419040915,0.9617789387702942
72,2.3997600239976,right_knee,379.9398297777328,168.07937869298115,0.9572269916534424
72,2.3997600239976,left_ankle,382.106696053203,183.5438377950615,0.6660779118537903
72,2.3997600239976,right_ankle,380.81048474537886,182.76229799536583,0.6601559519767761
73,2.4330900243309004,nose,377.5356752450887,117.33732277479776,0.8090649843215942
73,2.4330900243309004,left_shoulder,382.8973424637117,128.27286906458716,0.981090247631073
73,2.4330900243309004,right_shoulder,383.76081654238686,128.258268054794,0.9705246090888976
73,2.4330900243309004,left_elbow,384.4519336108552,138.7414225817288,0.792388379573822
73,2.4330900243309004,right_elbow,383.6154317654516,133.5988910611089,0.6628508567810059
73,2.4330900243309004,left_wrist,378.4660739956042,115.40001974595984,0.3686152100563049
73,2.4330900243309004,right_wrist,366.5608976414248,122.1578254729553,0.7512061595916748
73,2.4330900243309004,left_hip,381.2180025045637,151.31052427296137,0.9946409463882446
73,2.4330900243309004,right_hip,382.60094885724766,151.33976988759542,0.9938005805015564
73,2.4330900243309004,left_knee,380.8550557465904,167.41895235695074,0.9890674948692322
73,2.4330900243309004,right_knee,381.9360424221762,168.44882712629396,0.9869818091392516
73,2.4330900243309004,left_ankle,381.7626156684966,183.6213509780528,0.9440351128578186
73,2.4330900243309004,right_ankle,382.421552175472,183.53384888422707,0.9361372590065002
74,2.4664200246642003,nose,377.5356752450887,117.33732277479776,0.8090649843215942
74,2.4664200246642003,left_shoulder,380.90617776612254,128.5984509916334,0.9710248708724976
74,2.4664200246642003,right_shoulder,386.3487984163439,128.81141394131305,0.9707874059677124
74,2.4664200246642003,left_elbow,378.696205516952,138.50631218601447,0.6930874586105347
74,2.4664200246642003,right_elbow,389.8540674128596,138.2074466541517,0.6672478318214417
74,2.4664200246642003,left_wrist,378.4660739956042,115.40001974595984,0.3686152100563049
74,2.4664200246642003,right_wrist,366.5608976414248,122.1578254729553,0.7512061595916748
74,2.4664200246642003,left_hip,380.733227012387,150.85415830953133,0.9956610798835754
74,2.4664200246642003,right_hip,384.5092103228096,150.95091543468504,0.9958347082138062
74,2.4664200246642003,left_knee,380.6912110059683,167.09391830139327,0.9903737306594848
74,2.4664200246642003,right_knee,383.4689702358159,167.98490802954774,0.9902567863464355
74,2.4664200246642003,left_ankle,381.4896492802071,183.330902093421,0.9567536115646362
74,2.4664200246642003,right_ankle,383.5418212257201,183.4874187788186,0.9549450874328612
75,2.4997500249975,nose,377.5356752450887,117.33732277479776,0.8090649843215942
75,2.4997500249975,left_shoulder,379.79103373891087,129.25573939106212,0.9829757809638976
75,2.4997500249975,right_shoulder,388.3467319145806,129.58698810098684,0.9729602932929992
75,2.4997500249975,left_elbow,376.0945976052636,138.27481108844782,0.8398913741111755
75,2.4997500249975,right_elbow,391.98720689185575,140.85400764260876,0.6799415349960327
75,2.4997500249975,left_wrist,367.5861440016191,93.57793543014006,0.3190028667449951
75,2.4997500249975,right_wrist,366.5608976414248,122.1578254729553,0.7512061595916748
75,2.4997500249975,left_hip,380.5204657960813,151.2268627302679,0.9989175796508788
75,2.4997500249975,right_hip,386.19886481714366,151.32589613165,0.9986685514450072
75,2.4997500249975,left_knee,380.7016795074269,167.71564580864663,0.9973688125610352
75,2.4997500249975,right_knee,384.6752884350857,168.5896851486754,0.996542513370514
75,2.4997500249975,left_ankle,381.5930343301613,184.05192374486663,0.9860026836395264
75,2.4997500249975,right_ankle,384.8043990219145,185.1243478541085,0.9822973012924194
76,2.5330800253308,nose,382.41531656133975,116.38386834984928,0.935165524482727
76,2.5330800253308,left_shoulder,380.8451557696853,127.86033160662092,0.9148941040039062
76,2.5330800253308,right_shoulder,386.303039089702,128.03717144498424,0.9649832248687744
76,2.5330800253308,left_elbow,378.7757659638397,135.7721514299251,0.5795632004737854
76,2.5330800253308,right_elbow,387.3571282519491,136.3500418834234,0.8625750541687012
76,2.5330800253308,left_wrist,375.1586007429764,109.54264765692557,0.5157680511474609
76,2.5330800253308,right_wrist,381.85838629902713,129.4365289784344,0.7787554860115051
76,2.5330800253308,left_hip,381.6824095310212,149.5188872637881,0.9218714237213136
76,2.5330800253308,right_hip,384.88708823143975,149.61222189731487,0.9524540901184082
76,2.5330800253308,left_knee,381.2660342098315,164.84064017495064,0.9178955554962158
76,2.5330800253308,right_knee,384.5948850195364,165.845881974233,0.9494924545288086
76,2.5330800253308,left_ankle,381.8600208421939,180.5950643858668,0.7956262826919556
76,2.5330800253308,right_ankle,384.6231695419476,182.85009075612564,0.8378986120223999
77,2.5664100256641,nose,382.41531656133975,116.38386834984928,0.935165524482727
77,2.5664100256641,left_shoulder,380.7706260284715,127.60916251323866,0.9308338165283204
77,2.5664100256641,right_shoulder,387.4141112224661,127.7737660153344,0.917477250099182
77,2.5664100256641,left_elbow,370.0667258703038,101.23423907740332,0.477391242980957
77,2.5664100256641,right_elbow,373.840515759994,102.91413476724212,0.3986071944236755
77,2.5664100256641,left_wrist,375.1586007429764,109.54264765692557,0.5157680511474609
77,2.5664100256641,right_wrist,381.85838629902713,129.4365289784344,0.7787554860115051
77,2.5664100256641,left_hip,381.5883579848813,148.18999948945367,0.9887035489082336
77,2.5664100256641,right_hip,386.1893155174384,148.36450004537676,0.9891024827957152
77,2.5664100256641,left_knee,381.0478808910222,162.32055399112417,0.988291084766388
77,2.5664100256641,right_knee,386.0013108880237,163.91409959251757,0.9885355830192566
77,2.5664100256641,left_ankle,381.6149871804498,178.07396373341044,0.9661778211593628
77,2.5664100256641,right_ankle,386.2657406346276,181.2138489503712,0.9641684889793396
78,2.5997400259974004,nose,382.41531656133975,116.38386834984928,0.935165524482727
78,2.5997400259974004,left_shoulder,380.8862973139143,126.2813787934768,0.988243043422699
78,2.5997400259974004,right_shoulder,387.4756777480828,126.50837815730183,0.978613018989563
78,2.5997400259974004,left_elbow,373.3056104084242,108.47725367252704,0.8399623036384583
78,2.5997400259974004,right_elbow,377.3623265992306,110.46258513069664,0.6767159700393677
78,2.5997400259974004,left_wrist,368.9059316293496,95.27537032394588,0.366551399230957
78,2.5997400259974004,right_wrist,381.85838629902713,129.4365289784344,0.7787554860115051
78,2.5997400259974004,left_hip,381.74552777509007,146.99019762467793,0.996887505054474
78,2.5997400259974004,right_hip,386.1747506187078,147.0781509964635,0.996038556098938
78,2.5997400259974004,left_knee,382.86356368714166,161.53991484287965,0.990054965019226
78,2.5997400259974004,right_knee,385.3240991151236,162.42594649157604,0.9869754314422609
78,2.5997400259974004,left_ankle,383.9277907967012,177.77882216232302,0.9426444172859192
78,2.5997400259974004,right_ankle,385.6746768633622,179.1629617127992,0.9335464835166932
79,2.6330700263307003,nose,377.034873321644,106.30520461708204,0.8791919946670532
79,2.6330700263307003,left_shoulder,379.5099564909631,115.21449455661988,0.8952409029006958
79,2.6330700263307003,right_shoulder,377.18132339145626,115.37438966861323,0.9746444821357728
79,2.6330700263307003,left_elbow,374.26271976743743,111.30119149632276,0.7368868589401245
79,2.6330700263307003,right_elbow,371.7205385150795,112.68453833471165,0.9618425965309144
79,2.6330700263307003,left_wrist,371.7224848416777,108.91921336532968,0.7238414883613586
79,2.6330700263307003,right_wrist,372.9825807374775,125.36346772448964,0.9365410208702089
79,2.6330700263307003,left_hip,379.5878661502262,131.91400948620367,0.9620627760887146
79,2.6330700263307003,right_hip,378.63117162784846,131.861856194488,0.9819076657295228
79,2.6330700263307003,left_knee,380.2714242829865,144.09757612775098,0.8212404847145081
79,2.6330700263307003,right_knee,378.4310325108882,144.23872057948097,0.9045631885528564
79,2.6330700263307003,left_ankle,374.6568438191328,99.96784562035648,0.4570369124412536
79,2.6330700263307003,right_ankle,378.9666016520037,155.40162913409216,0.5762327909469604
80,2.666400026664,nose,377.034873321644,106.30520461708204,0.8791919946670532
80,2.666400026664,left_shoulder,380.0633636942935,118.31180700008932,0.9790415167808532
80,2.666400026664,right_shoulder,379.9238842152051,118.4440816638514,0.9684829711914062
80,2.666400026664,left_elbow,375.71321945542894,125.0971346989616,0.8739820122718811
80,2.666400026664,right_elbow,374.0518513719224,125.8006412574097,0.7627792358398438
80,2.666400026664,left_wrist,376.0197045844597,133.87043446798367,0.5400290489196777
80,2.666400026664,right_wrist,369.9072857273085,99.77940193601296,0.4225062429904938
80,2.666400026664,left_hip,380.3075131887791,137.42481942986603,0.998090922832489
80,2.666400026664,right_hip,380.3882141106002,137.4215775161964,0.9976237416267396
80,2.666400026664,left_knee,381.8819282571225,151.07476079953148,0.9939029216766356
80,2.666400026664,right_knee,379.9773277648726,151.28838089159854,0.9917683601379396
80,2.666400026664,left_ankle,379.0345886536482,131.42532896297502,0.970426380634308
80,2.666400026664,right_ankle,380.38839618127696,164.32565993610348,0.963400661945343
81,2.6997300269973,nose,377.034873321644,106.30520461708204,0.8791919946670532
81,2.6997300269973,left_shoulder,381.2580018035928,119.63668407036118,0.9159458875656128
81,2.6997300269973,right_shoulder,383.232971138468,119.71608203909804,0.8525090217590332
81,2.6997300269973,left_elbow,378.8302878754016,129.579614367953,0.6361122727394104
81,2.6997300269973,right_elbow,371.4682737625615,104.47806929643008,0.3879985511302948
81,2.6997300269973,left_wrist,374.0055042898993,114.41278358688972,0.3278067111968994
81,2.6997300269973,right_wrist,369.9072857273085,99.77940193601296,0.4225062429904938
81,2.6997300269973,left_hip,381.628675099673,139.2539910715171,0.9762427806854248
81,2.6997300269973,right_hip,383.10103191129446,139.250464704572,0.9697941541671752
81,2.6997300269973,left_knee,382.5168137328197,153.26360401947082,0.9689880609512328
81,2.6997300269973,right_knee,382.77599613496926,153.75703804688405,0.9584656357765198
81,2.6997300269973,left_ankle,381.3600743063673,160.85357280877415,0.9015292525291444
81,2.6997300269973,right_ankle,382.6945158413631,167.35481496846944,0.8820879459381104
82,2.7330600273306,nose,373.0099931624677,102.32325262370736,0.8726664781570435
82,2.7330600273306,left_shoulder,379.5868788278616,112.52198184744924,0.9329192042350768
82,2.7330600273306,right_shoulder,376.3288079353373,112.672786537184,0.6657860279083252
82,2.7330600273306,left_elbow,378.56118557963725,123.45073011749628,0.8895666599273682
82,2.7330600273306,right_elbow,369.5425256898743,92.94254935660148,0.4066713452339172
82,2.7330600273306,left_wrist,374.7050059532201,116.29364204348984,0.863602340221405
82,2.7330600273306,right_wrist,368.1616541816514,89.59428236988867,0.4811694324016571
82,2.7330600273306,left_hip,379.4083756667444,131.28563179441431,0.8939781188964844
82,2.7330600273306,right_hip,377.41464520959886,131.2688385950783,0.7610520124435425
82,2.7330600273306,left_knee,379.9835666078637,143.96065397461763,0.7432553172111511
82,2.7330600273306,right_knee,377.292052772693,143.9802375536485,0.522340714931488
82,2.7330600273306,left_ankle,375.9923961189569,107.09261084704688,0.3642640113830566
82,2.7330600273306,right_ankle,382.6945158413631,167.35481496846944,0.8820879459381104
83,2.7663900276639004,nose,370.2370636000548,92.4394205414162,0.4184558987617492
83,2.7663900276639004,left_shoulder,377.2891276852248,107.81078919503943,0.9451190233230592
83,2.7663900276639004,right_shoulder,372.052046367333,108.37849474066914,0.6889370679855347
83,2.7663900276639004,left_elbow,378.8237233183704,120.3813265725501,0.93439918756485
83,2.7663900276639004,right_elbow,369.2177488736796,99.77469802515552,0.507341206073761
83,2.7663900276639004,left_wrist,376.5215462573194,117.8480013929776,0.8537384867668152
83,2.7663900276639004,right_wrist,367.67510225873207,87.25899810101265,0.4325826466083526
83,2.7663900276639004,left_hip,377.4642252072783,125.687069337026,0.9792760610580444
83,2.7663900276639004,right_hip,374.2827944571905,125.80273545534963,0.9452670812606812
83,2.7663900276639004,left_knee,377.3523285611349,137.56603698789485,0.9057027697563172
83,2.7663900276639004,right_knee,374.128908774993,137.43331410939425,0.7736527323722839
83,2.7663900276639004,left_ankle,375.54760703142426,115.46371114497823,0.6472887396812439
83,2.7663900276639004,right_ankle,373.2518036629559,94.68134449103214,0.4689997434616089
84,2.7997200279972003,nose,376.7563048848564,96.6650298603796,0.9093249440193176
84,2.7997200279972003,left_shoulder,383.6195885921384,112.15561841143636,0.9764719605445862
84,2.7997200279972003,right_shoulder,374.7685194584151,112.58892703551864,0.8247280716896057
84,2.7997200279972003,left_elbow,389.2086814808932,124.00718318997686,0.9418050050735474
84,2.7997200279972003,right_elbow,369.1334871396743,92.36507597675347,0.4787342846393585
84,2.7997200279972003,left_wrist,385.985363547726,127.6875039604876,0.9127344489097596
84,2.7997200279972003,right_wrist,374.9097357634151,111.9086087801438,0.5108137726783752
84,2.7997200279972003,left_hip,381.9727256323481,130.04066579782022,0.9823527932167052
84,2.7997200279972003,right_hip,376.300916876477,130.16223157211888,0.9494584798812866
84,2.7997200279972003,left_knee,380.0113457074893,141.9509154028665,0.9750643372535706
84,2.7997200279972003,right_knee,376.8685531172609,142.4028077982327,0.9266766905784608
84,2.7997200279972003,left_ankle,381.3582976308781,160.73934346350336,0.8752561211585999
84,2.7997200279972003,right_ankle,378.6229195383938,138.44202579176655,0.7582679986953735
85,2.8330500283305,nose,376.7563048848564,96.6650298603796,0.9093249440193176
85,2.8330500283305,left_shoulder,384.6164878586345,114.53255152967692,0.8356220722198486
85,2.8330500283305,right_shoulder,383.3202040901081,114.96670092389306,0.9485211372375488
85,2.8330500283305,left_elbow,385.1890041838316,97.982031355196,0.3302671909332275
85,2.8330500283305,right_elbow,382.9751850849715,116.86788526097996,0.7365862131118774
85,2.8330500283305,left_wrist,385.985363547726,127.6875039604876,0.9127344489097596
85,2.8330500283305,right_wrist,373.4998423729098,99.8894149004876,0.4123565852642059
85,2.8330500283305,left_hip,383.40775099567605,135.2102561138512,0.9793257713317872
85,2.8330500283305,right_hip,382.52105402084,135.20867352952916,0.9900439977645874
85,2.8330500283305,left_knee,382.1649440343212,150.75002742041926,0.9702516198158264
85,2.8330500283305,right_knee,382.843663933215,151.069405840115,0.9855556488037108
85,2.8330500283305,left_ankle,384.9844106256678,173.11087514235402,0.9098127484321594
85,2.8330500283305,right_ankle,384.9092011546527,166.7727123051127,0.944487690925598
86,2.8663800286638,nose,376.7563048848564,96.6650298603796,0.9093249440193176
86,2.8663800286638,left_shoulder,385.2434049831972,117.007457156749,0.7163816690444946
86,2.8663800286638,right_shoulder,388.7299134992294,117.67486242986662,0.9616912603378296
86,2.8663800286638,left_elbow,385.1890041838316,97.982031355196,0.3302671909332275
86,2.8663800286638,right_elbow,390.2486965789296,128.09897014380277,0.8816960453987122
86,2.8663800286638,left_wrist,385.985363547726,127.6875039604876,0.9127344489097596
86,2.8663800286638,right_wrist,385.57664790881336,127.8947367531862,0.5825954675674438
86,2.8663800286638,left_hip,384.0574462034986,139.29694912807912,0.9783555269241332
86,2.8663800286638,right_hip,386.25499183488535,139.40299420118237,0.9934306740760804
86,2.8663800286638,left_knee,383.7592697211328,155.38916750850996,0.9491758346557616
86,2.8663800286638,right_knee,386.05985457618704,155.75401243082553,0.9847196340560912
86,2.8663800286638,left_ankle,387.0170899489014,174.64526315717913,0.8223826885223389
86,2.8663800286638,right_ankle,387.93501410404417,173.33017758590924,0.9170100688934326
87,2.8997100289971,nose,376.7563048848564,96.6650298603796,0.9093249440193176
87,2.8997100289971,left_shoulder,385.4975270705178,119.60797757787344,0.7499292492866516
87,2.8997100289971,right_shoulder,390.6864277751946,119.89982554069772,0.907236874103546
87,2.8997100289971,left_elbow,376.8906573114404,88.36766997156943,0.3931013643741607
87,2.8997100289971,right_elbow,392.7995168571175,130.73988725341525,0.761763870716095
87,2.8997100289971,left_wrist,385.985363547726,127.6875039604876,0.9127344489097596
87,2.8997100289971,right_wrist,390.5024677741912,137.2302439192058,0.5060995817184448
87,2.8997100289971,left_hip,385.14277762150925,140.79801887743372,0.9466425776481628
87,2.8997100289971,right_hip,388.78583412650994,140.76151700138905,0.971259593963623
87,2.8997100289971,left_knee,384.8704034254364,155.75501585989616,0.9283271431922911
87,2.8997100289971,right_knee,387.8214386688428,156.1577988871879,0.96036559343338
87,2.8997100289971,left_ankle,388.4259143029066,172.4029468080784,0.8151986002922058
87,2.8997100289971,right_ankle,389.7944489314125,172.1446540499836,0.8712969422340393
88,2.9330400293304004,nose,376.7563048848564,96.6650298603796,0.9093249440193176
88,2.9330400293304004,left_shoulder,385.8399448420493,121.09983964634466,0.955815851688385
88,2.9330400293304004,right_shoulder,392.7851633490525,120.93922995896496,0.9128404259681702
88,2.9330400293304004,left_elbow,378.7275267252284,111.53572140410438,0.5776100754737854
88,2.9330400293304004,right_elbow,387.96215724302687,106.40607808125174,0.3124352991580963
88,2.9330400293304004,left_wrist,385.985363547726,127.6875039604876,0.9127344489097596
88,2.9330400293304004,right_wrist,390.5024677741912,137.2302439192058,0.5060995817184448
88,2.9330400293304004,left_hip,386.0111017987066,141.2602013558685,0.9914230704307556
88,2.9330400293304004,right_hip,390.7423409401522,141.0351707066859,0.989073932170868
88,2.9330400293304004,left_knee,386.3294844018488,155.8682196412704,0.9791240096092224
88,2.9330400293304004,right_knee,388.67548450863967,156.0300621879967,0.9724152088165284
88,2.9330400293304004,left_ankle,390.7010449956375,170.75471419776417,0.9293256402015686
88,2.9330400293304004,right_ankle,391.8811525477071,170.09606832142083,0.9157180190086364
89,2.9663700296637003,nose,376.7563048848564,96.6650298603796,0.9093249440193176
89,2.9663700296637003,left_shoulder,385.5321832305382,120.46138385480673,0.9577468633651732
89,2.9663700296637003,right_shoulder,393.5018840306272,120.6344583082216,0.8816105127334595
89,2.9663700296637003,left_elbow,378.92884523738064,122.58720279091676,0.658271849155426
89,2.9663700296637003,right_elbow,387.96215724302687,106.40607808125174,0.3124352991580963
89,2.9663700296637003,left_wrist,385.985363547726,127.6875039604876,0.9127344489097596
89,2.9663700296637003,right_wrist,390.5024677741912,137.2302439192058,0.5060995817184448
89,2.9663700296637003,left_hip,386.04885622389327,140.7308160793052,0.9717760682106018
89,2.9663700296637003,right_hip,391.2830085897297,140.5821642356746,0.9548206329345704
89,2.9663700296637003,left_knee,387.0864337955238,155.06910182362066,0.9071066975593568
89,2.9663700296637003,right_knee,389.177168564887,155.11548840528965,0.8500551581382751
89,2.9663700296637003,left_ankle,391.5522683130209,167.68378812560871,0.6979838013648987
89,2.9663700296637003,right_ankle,391.81291643210665,167.53047170986704,0.6043227910995483
90,2.9997000299970003,nose,376.7563048848564,96.6650298603796,0.9093249440193176
90,2.9997000299970003,left_shoulder,380.636795888685,99.93463374525004,0.3854112327098846
90,2.9997000299970003,right_shoulder,393.5018840306272,120.6344583082216,0.8816105127334595
90,2.9997000299970003,left_elbow,378.92884523738064,122.58720279091676,0.658271849155426
90,2.9997000299970003,right_elbow,387.96215724302687,106.40607808125174,0.3124352991580963
90,2.9997000299970003,left_wrist,385.985363547726,127.6875039604876,0.9127344489097596
90,2.9997000299970003,right_wrist,390.5024677741912,137.2302439192058,0.5060995817184448
90,2.9997000299970003,left_hip,386.04885622389327,140.7308160793052,0.9717760682106018
90,2.9997000299970003,right_hip,391.2830085897297,140.5821642356746,0.9548206329345704
90,2.9997000299970003,left_knee,387.0864337955238,155.06910182362066,0.9071066975593568
90,2.9997000299970003,right_knee,389.177168564887,155.11548840528965,0.8500551581382751
90,2.9997000299970003,left_ankle,391.5522683130209,167.68378812560871,0.6979838013648987
90,2.9997000299970003,right_ankle,391.81291643210665,167.53047170986704,0.6043227910995483
92,3.0663600306636,nose,376.7563048848564,96.6650298603796,0.9093249440193176
92,3.0663600306636,left_shoulder,380.636795888685,99.93463374525004,0.3854112327098846
92,3.0663600306636,right_shoulder,393.5018840306272,120.6344583082216,0.8816105127334595
92,3.0663600306636,left_elbow,378.92884523738064,122.58720279091676,0.658271849155426
92,3.0663600306636,right_elbow,387.96215724302687,106.40607808125174,0.3124352991580963
92,3.0663600306636,left_wrist,385.985363547726,127.6875039604876,0.9127344489097596
92,3.0663600306636,right_wrist,390.5024677741912,137.2302439192058,0.5060995817184448
92,3.0663600306636,left_hip,386.04885622389327,140.7308160793052,0.9717760682106018
92,3.0663600306636,right_hip,391.2830085897297,140.5821642356746,0.9548206329345704
92,3.0663600306636,left_knee,387.0864337955238,155.06910182362066,0.9071066975593568
92,3.0663600306636,right_knee,389.177168564887,155.11548840528965,0.8500551581382751
92,3.0663600306636,left_ankle,391.5522683130209,167.68378812560871,0.6979838013648987
92,3.0663600306636,right_ankle,391.81291643210665,167.53047170986704,0.6043227910995483
93,3.0996900309969004,nose,376.7563048848564,96.6650298603796,0.9093249440193176
93,3.0996900309969004,left_shoulder,384.0846577734064,108.61853877520218,0.9848209023475648
93,3.0996900309969004,right_shoulder,395.612639068409,119.88126239315098,0.9201210141181946
93,3.0996900309969004,left_elbow,383.53071991299305,125.53900894244636,0.9180260300636292
93,3.0996900309969004,right_elbow,381.79274864197856,95.9674347151738,0.4609695076942444
93,3.0996900309969004,left_wrist,385.83892911837785,129.61264610568114,0.5819072127342224
93,3.0996900309969004,right_wrist,390.5024677741912,137.2302439192058,0.5060995817184448
93,3.0996900309969004,left_hip,388.6594095184211,137.16886112679734,0.9851792454719543
93,3.0996900309969004,right_hip,394.2859435219696,137.1608742837269,0.960813581943512
93,3.0996900309969004,left_knee,388.7935456681437,148.23684374106887,0.755284309387207
93,3.0996900309969004,right_knee,394.1528043516224,148.4395437763509,0.5227833986282349
93,3.0996900309969004,left_ankle,391.5522683130209,167.68378812560871,0.6979838013648987
93,3.0996900309969004,right_ankle,391.81291643210665,167.53047170986704,0.6043227910995483
102,3.3996600339966,nose,396.9486957288717,110.13650183004044,0.8661644458770752
102,3.3996600339966,left_shoulder,399.6848619957158,113.26481155304312,0.8508257865905762
102,3.3996600339966,right_shoulder,396.03691946625713,116.76050978453137,0.7896396517753601
102,3.3996600339966,left_elbow,402.5634393563736,120.88569365208365,0.5960142016410828
102,3.3996600339966,right_elbow,392.8908905149344,114.77358400342531,0.5330921411514282
102,3.3996600339966,left_wrist,399.1841519275114,122.55997641427302,0.6161990165710449
102,3.3996600339966,right_wrist,397.0969660158695,120.68125154899477,0.5960656404495239
102,3.3996600339966,left_hip,399.9337874374175,126.38105548408709,0.9588457942008972
102,3.3996600339966,right_hip,397.3660696898884,126.46227168823248,0.956673502922058
102,3.3996600339966,left_knee,399.5832146995478,132.83204342326584,0.944643497467041
102,3.3996600339966,right_knee,397.8372324461791,132.99542829799606,0.940717875957489
102,3.3996600339966,left_ankle,400.21755908169695,142.14977622945705,0.842038631439209
102,3.3996600339966,right_ankle,397.91056632593614,142.34015980155007,0.8312947750091553
104,3.4663200346632004,nose,396.9486957288717,110.13650183004044,0.8661644458770752
104,3.4663200346632004,left_shoulder,399.02199574339215,111.52219527596544,0.8663444519042969
104,3.4663200346632004,right_shoulder,398.0468368004276,112.54884130464302,0.8316611051559448
104,3.4663200346632004,left_elbow,400.16295295249336,117.8648045654048,0.5609531402587891
104,3.4663200346632004,right_elbow,387.93599221159707,98.2356295342536,0.499822199344635
104,3.4663200346632004,left_wrist,399.1841519275114,122.55997641427302,0.6161990165710449
104,3.4663200346632004,right_wrist,397.0969660158695,120.68125154899477,0.5960656404495239
104,3.4663200346632004,left_hip,400.1635209537641,122.84234942115248,0.9833193421363832
104,3.4663200346632004,right_hip,399.5801109223398,122.95906343451983,0.9827568531036376
104,3.4663200346632004,left_knee,400.5451382785158,131.2242924440041,0.9528973698616028
104,3.4663200346632004,right_knee,399.4675694826202,131.306877468366,0.9508018493652344
104,3.4663200346632004,left_ankle,401.69657875426657,140.92009874764557,0.8061837553977966
104,3.4663200346632004,right_ankle,400.0595559217862,141.31562673513412,0.8000763654708862
132,4.3995600439956,nose,396.9486957288717,110.13650183004044,0.8661644458770752
132,4.3995600439956,left_shoulder,409.4465382756174,118.71724078156002,0.8668761849403381
132,4.3995600439956,right_shoulder,413.7626176174713,118.86401082923648,0.9777087569236756
132,4.3995600439956,left_elbow,396.5573946790374,90.88723470339804,0.3646897375583648
132,4.3995600439956,right_elbow,413.76225336071707,121.86892660674764,0.883718729019165
132,4.3995600439956,left_wrist,399.1841519275114,122.55997641427302,0.6161990165710449
132,4.3995600439956,right_wrist,414.77652721009486,127.5569299231199,0.5253815650939941
132,4.3995600439956,left_hip,409.6903703809035,128.58230246401752,0.967920184135437
132,4.3995600439956,right_hip,412.8092312257019,128.67553834499688,0.9880539774894714
132,4.3995600439956,left_knee,409.3562924826852,136.29743311338856,0.8896228671073914
132,4.3995600439956,right_knee,413.4276963870417,136.6882545977122,0.9555174112319946
132,4.3995600439956,left_ankle,409.67526690419584,144.4349027085779,0.6683883666992188
132,4.3995600439956,right_ankle,413.7034078806505,145.0334089648459,0.7913942337036133
134,4.4662200446622,nose,396.9486957288717,110.13650183004044,0.8661644458770752
134,4.4662200446622,left_shoulder,411.206598277231,115.71665862020468,0.9480584859848022
134,4.4662200446622,right_shoulder,413.8834781962254,115.49149237248966,0.5952059626579285
134,4.4662200446622,left_elbow,406.653797851037,111.95176244848815,0.8913177847862244
134,4.4662200446622,right_elbow,413.76225336071707,121.86892660674764,0.883718729019165
134,4.4662200446622,left_wrist,409.1197182244218,123.7262431218256,0.6777531504631042
134,4.4662200446622,right_wrist,414.77652721009486,127.5569299231199,0.5253815650939941
134,4.4662200446622,left_hip,411.9827065064122,124.841175903084,0.8273069858551025
134,4.4662200446622,right_hip,413.818411503748,124.735379039922,0.596147894859314
134,4.4662200446622,left_knee,411.956650119061,128.9886447234628,0.5042739510536194
134,4.4662200446622,right_knee,413.4276963870417,136.6882545977122,0.9555174112319946
134,4.4662200446622,left_ankle,409.67526690419584,144.4349027085779,0.6683883666992188
134,4.4662200446622,right_ankle,413.7034078806505,145.0334089648459,0.7913942337036133
153,5.0994900509949,nose,409.2379036433101,97.9061082693113,0.3680649101734161
153,5.0994900509949,left_shoulder,419.5207951483848,113.22174180842494,0.9856407642364502
153,5.0994900509949,right_shoulder,420.3087322908392,113.53262725308906,0.8237292170524597
153,5.0994900509949,left_elbow,418.684170884931,117.31585805853952,0.9523961544036864
153,5.0994900509949,right_elbow,413.76225336071707,121.86892660674764,0.883718729019165
153,5.0994900509949,left_wrist,416.7183310353226,121.88541018364788,0.8179792761802673
153,5.0994900509949,right_wrist,414.77652721009486,127.5569299231199,0.5253815650939941
153,5.0994900509949,left_hip,420.4473261670877,123.1215882068204,0.981045126914978
153,5.0994900509949,right_hip,420.9196833624593,123.07876012796086,0.9346855282783508
153,5.0994900509949,left_knee,420.2824263603113,130.723818816405,0.936411678791046
153,5.0994900509949,right_knee,420.4232769060804,131.7525186156987,0.7996714115142822
153,5.0994900509949,left_ankle,420.4068360404717,139.78838048099223,0.5433034300804138
153,5.0994900509949,right_ankle,410.6674592374863,99.71814508123688,0.3426141738891601
155,5.166150051661501,nose,416.59319674178096,105.78068569294273,0.8898504972457886
155,5.166150051661501,left_shoulder,421.53400482363264,112.57049890045776,0.9578677415847778
155,5.166150051661501,right_shoulder,419.5624229029096,113.16164836622065,0.9280189275741576
155,5.166150051661501,left_elbow,422.5121839748632,117.8284680833319,0.9493210315704346
155,5.166150051661501,right_elbow,417.7492989061447,120.32190093914096,0.9144029021263124
155,5.166150051661501,left_wrist,421.8055413540966,123.86182837566896,0.9237886667251588
155,5.166150051661501,right_wrist,417.6222573256357,125.14121331114636,0.898374617099762
155,5.166150051661501,left_hip,421.34869050415455,123.22570676904832,0.9776538014411926
155,5.166150051661501,right_hip,420.1561099143246,123.2855903804012,0.9695990085601808
155,5.166150051661501,left_knee,421.76902289412345,130.2517721435061,0.8354359865188599
155,5.166150051661501,right_knee,419.6261855031405,130.95976180020415,0.7815082669258118
155,5.166150051661501,left_ankle,415.59690180200334,104.80711433757716,0.4091909229755401
155,5.166150051661501,right_ankle,410.7689982244758,98.08953770499564,0.3348417282104492
160,5.332800053328,nose,412.6312769394958,101.21382870053046,0.4880482256412506
160,5.332800053328,left_shoulder,425.1201339847578,115.6022057852503,0.8704960346221924
160,5.332800053328,right_shoulder,419.7829283363654,116.56467913986272,0.8964172601699829
160,5.332800053328,left_elbow,428.5317734478996,119.74018330355965,0.796633780002594
160,5.332800053328,right_elbow,418.3558582217319,123.71940132171666,0.8500078320503235
160,5.332800053328,left_wrist,426.8159449381734,122.24502599905718,0.7413803339004517
160,5.332800053328,right_wrist,418.9534255145802,130.43069327483624,0.7864676713943481
160,5.332800053328,left_hip,424.449045395309,128.29362270588507,0.9874752163887024
160,5.332800053328,right_hip,420.98285341133385,128.5221378305316,0.989060401916504
160,5.332800053328,left_knee,424.320917092474,137.9031792988635,0.956334114074707
160,5.332800053328,right_knee,420.7052077568465,138.12408650678134,0.9595918655395508
160,5.332800053328,left_ankle,422.5287993604956,137.55050557360323,0.7953455448150635
160,5.332800053328,right_ankle,418.9242514746335,143.03959596732855,0.7982026934623718
161,5.3661300536613,nose,416.9016141892869,107.19596267361128,0.5724966526031494
161,5.3661300536613,left_shoulder,425.51293694898186,115.6389994371982,0.9848447442054749
161,5.3661300536613,right_shoulder,420.3717063169112,116.5822730870272,0.9076733589172364
161,5.3661300536613,left_elbow,429.56420792425513,119.77557027202312,0.963071584701538
161,5.3661300536613,right_elbow,419.4858551333856,123.53487928553449,0.6688262224197388
161,5.3661300536613,left_wrist,429.65383258525833,122.69131038068038,0.904320478439331
161,5.3661300536613,right_wrist,419.1871782626747,130.24567719588072,0.5528954863548279
161,5.3661300536613,left_hip,425.02164892137466,128.74515546377077,0.9969269633293152
161,5.3661300536613,right_hip,421.77000627211817,128.88937012823624,0.9922934770584106
161,5.3661300536613,left_knee,424.7095102328314,139.41677980756486,0.9908603429794312
161,5.3661300536613,right_knee,421.8686545834519,139.05810256929868,0.976190745830536
161,5.3661300536613,left_ankle,424.1939705164988,145.98942343660127,0.9320108890533448
161,5.3661300536613,right_ankle,422.3978637979105,147.5502270165164,0.8804290294647217
